Team,Opposition,Result,Toss,Bat,Ground,Start Date,team,Cat
West Indies,England,won,won,2nd,Kolkata,2016-04-03,WI,WT20s
England,West Indies,lost,lost,1st,Kolkata,2016-04-03,ENG,WT20s
West Indies,India,won,won,2nd,Mumbai,2016-03-31,WI,WT20s
India,West Indies,lost,lost,1st,Mumbai,2016-03-31,INDIA,WT20s
England,New Zealand,won,won,2nd,Delhi,2016-03-30,ENG,WT20s
New Zealand,England,lost,lost,1st,Delhi,2016-03-30,NZ,WT20s
South Africa,Sri Lanka,won,won,2nd,Delhi,2016-03-28,SA,WT20s
Sri Lanka,South Africa,lost,lost,1st,Delhi,2016-03-28,SL,WT20s
India,Australia,won,lost,2nd,Mohali,2016-03-27,INDIA,WT20s
Australia,India,lost,won,1st,Mohali,2016-03-27,AUS,WT20s
Afghanistan,West Indies,won,lost,1st,Nagpur,2016-03-27,AFG,WT20s
West Indies,Afghanistan,lost,won,2nd,Nagpur,2016-03-27,WI,WT20s
England,Sri Lanka,won,lost,1st,Delhi,2016-03-26,ENG,WT20s
Sri Lanka,England,lost,won,2nd,Delhi,2016-03-26,SL,WT20s
New Zealand,Bangladesh,won,won,1st,Kolkata,2016-03-26,NZ,WT20s
Bangladesh,New Zealand,lost,lost,2nd,Kolkata,2016-03-26,BDESH,WT20s
West Indies,South Africa,won,won,2nd,Nagpur,2016-03-25,WI,WT20s
South Africa,West Indies,lost,lost,1st,Nagpur,2016-03-25,SA,WT20s
Australia,Pakistan,won,won,1st,Mohali,2016-03-25,AUS,WT20s
Pakistan,Australia,lost,lost,2nd,Mohali,2016-03-25,PAK,WT20s
India,Bangladesh,won,lost,1st,Bengaluru,2016-03-23,INDIA,WT20s
Bangladesh,India,lost,won,2nd,Bengaluru,2016-03-23,BDESH,WT20s
England,Afghanistan,won,won,1st,Delhi,2016-03-23,ENG,WT20s
Afghanistan,England,lost,lost,2nd,Delhi,2016-03-23,AFG,WT20s
New Zealand,Pakistan,won,won,1st,Mohali,2016-03-22,NZ,WT20s
Pakistan,New Zealand,lost,lost,2nd,Mohali,2016-03-22,PAK,WT20s
Australia,Bangladesh,won,won,2nd,Bengaluru,2016-03-21,AUS,WT20s
Bangladesh,Australia,lost,lost,1st,Bengaluru,2016-03-21,BDESH,WT20s
West Indies,Sri Lanka,won,won,2nd,Bengaluru,2016-03-20,WI,WT20s
Sri Lanka,West Indies,lost,lost,1st,Bengaluru,2016-03-20,SL,WT20s
South Africa,Afghanistan,won,won,1st,Mumbai,2016-03-20,SA,WT20s
Afghanistan,South Africa,lost,lost,2nd,Mumbai,2016-03-20,AFG,WT20s
India,Pakistan,won,won,2nd,Kolkata,2016-03-19,INDIA,WT20s
Pakistan,India,lost,lost,1st,Kolkata,2016-03-19,PAK,WT20s
England,South Africa,won,won,2nd,Mumbai,2016-03-18,ENG,WT20s
South Africa,England,lost,lost,1st,Mumbai,2016-03-18,SA,WT20s
New Zealand,Australia,won,won,1st,Dharamsala,2016-03-18,NZ,WT20s
Australia,New Zealand,lost,lost,2nd,Dharamsala,2016-03-18,AUS,WT20s
Sri Lanka,Afghanistan,won,lost,2nd,Kolkata,2016-03-17,SL,WT20s
Afghanistan,Sri Lanka,lost,won,1st,Kolkata,2016-03-17,AFG,WT20s
West Indies,England,won,won,2nd,Mumbai,2016-03-16,WI,WT20s
England,West Indies,lost,lost,1st,Mumbai,2016-03-16,ENG,WT20s
Pakistan,Bangladesh,won,won,1st,Kolkata,2016-03-16,PAK,WT20s
Bangladesh,Pakistan,lost,lost,2nd,Kolkata,2016-03-16,BDESH,WT20s
New Zealand,India,won,won,1st,Nagpur,2016-03-15,NZ,WT20s
India,New Zealand,lost,lost,2nd,Nagpur,2016-03-15,INDIA,WT20s
Bangladesh,Oman,won,lost,1st,Dharamsala,2016-03-13,BDESH,WT20s
Oman,Bangladesh,lost,won,2nd,Dharamsala,2016-03-13,OMAN,WT20s
Netherlands,Ireland,won,lost,1st,Dharamsala,2016-03-13,NL,WT20s
Ireland,Netherlands,lost,won,2nd,Dharamsala,2016-03-13,IRE,WT20s
Scotland,Hong Kong,won,lost,2nd,Nagpur,2016-03-12,SCOT,WT20s
Afghanistan,Zimbabwe,won,won,1st,Nagpur,2016-03-12,AFG,WT20s
Bangladesh,Ireland,n/r,lost,1st,Dharamsala,2016-03-11,BDESH,WT20s
Ireland,Bangladesh,n/r,won,2nd,Dharamsala,2016-03-11,IRE,WT20s
Netherlands,Oman,n/r,lost,DNB,Dharamsala,2016-03-11,NL,WT20s
Oman,Netherlands,n/r,won,DNB,Dharamsala,2016-03-11,OMAN,WT20s
Afghanistan,Hong Kong,won,lost,2nd,Nagpur,2016-03-10,AFG,WT20s
Scotland,Zimbabwe,lost,lost,2nd,Nagpur,2016-03-10,SCOT,WT20s
Oman,Ireland,won,lost,2nd,Dharamsala,2016-03-09,OMAN,WT20s
Ireland,Oman,lost,won,1st,Dharamsala,2016-03-09,IRE,WT20s
Bangladesh,Netherlands,won,lost,1st,Dharamsala,2016-03-09,BDESH,WT20s
Netherlands,Bangladesh,lost,won,2nd,Dharamsala,2016-03-09,NL,WT20s
Afghanistan,Scotland,won,won,1st,Nagpur,2016-03-08,AFG,WT20s
Scotland,Afghanistan,lost,lost,2nd,Nagpur,2016-03-08,SCOT,WT20s
Sri Lanka,India,won,won,2nd,Dhaka,2014-04-06,SL,WT20s
India,Sri Lanka,lost,lost,1st,Dhaka,2014-04-06,INDIA,WT20s
India,South Africa,won,lost,2nd,Dhaka,2014-04-04,INDIA,WT20s
South Africa,India,lost,won,1st,Dhaka,2014-04-04,SA,WT20s
Sri Lanka,West Indies,won,won,1st,Dhaka,2014-04-03,SL,WT20s
West Indies,Sri Lanka,lost,lost,2nd,Dhaka,2014-04-03,WI,WT20s
West Indies,Pakistan,won,won,1st,Dhaka,2014-04-01,WI,WT20s
Pakistan,West Indies,lost,lost,2nd,Dhaka,2014-04-01,PAK,WT20s
Australia,Bangladesh,won,lost,2nd,Dhaka,2014-04-01,AUS,WT20s
Bangladesh,Australia,lost,won,1st,Dhaka,2014-04-01,BDESH,WT20s
Sri Lanka,New Zealand,won,lost,1st,Chattogram,2014-03-31,SL,WT20s
New Zealand,Sri Lanka,lost,won,2nd,Chattogram,2014-03-31,NZ,WT20s
Netherlands,England,won,lost,1st,Chattogram,2014-03-31,NL,WT20s
England,Netherlands,lost,won,2nd,Chattogram,2014-03-31,ENG,WT20s
India,Australia,won,lost,1st,Dhaka,2014-03-30,INDIA,WT20s
Australia,India,lost,won,2nd,Dhaka,2014-03-30,AUS,WT20s
Pakistan,Bangladesh,won,won,1st,Dhaka,2014-03-30,PAK,WT20s
Bangladesh,Pakistan,lost,lost,2nd,Dhaka,2014-03-30,BDESH,WT20s
South Africa,England,won,lost,1st,Chattogram,2014-03-29,SA,WT20s
England,South Africa,lost,won,2nd,Chattogram,2014-03-29,ENG,WT20s
New Zealand,Netherlands,won,won,2nd,Chattogram,2014-03-29,NZ,WT20s
Netherlands,New Zealand,lost,lost,1st,Chattogram,2014-03-29,NL,WT20s
India,Bangladesh,won,won,2nd,Dhaka,2014-03-28,INDIA,WT20s
Bangladesh,India,lost,lost,1st,Dhaka,2014-03-28,BDESH,WT20s
West Indies,Australia,won,lost,2nd,Dhaka,2014-03-28,WI,WT20s
Australia,West Indies,lost,won,1st,Dhaka,2014-03-28,AUS,WT20s
England,Sri Lanka,won,won,2nd,Chattogram,2014-03-27,ENG,WT20s
Sri Lanka,England,lost,lost,1st,Chattogram,2014-03-27,SL,WT20s
South Africa,Netherlands,won,lost,1st,Chattogram,2014-03-27,SA,WT20s
Netherlands,South Africa,lost,won,2nd,Chattogram,2014-03-27,NL,WT20s
West Indies,Bangladesh,won,lost,1st,Dhaka,2014-03-25,WI,WT20s
Bangladesh,West Indies,lost,won,2nd,Dhaka,2014-03-25,BDESH,WT20s
Sri Lanka,Netherlands,won,won,2nd,Chattogram,2014-03-24,SL,WT20s
Netherlands,Sri Lanka,lost,lost,1st,Chattogram,2014-03-24,NL,WT20s
South Africa,New Zealand,won,lost,1st,Chattogram,2014-03-24,SA,WT20s
New Zealand,South Africa,lost,won,2nd,Chattogram,2014-03-24,NZ,WT20s
India,West Indies,won,won,2nd,Dhaka,2014-03-23,INDIA,WT20s
West Indies,India,lost,lost,1st,Dhaka,2014-03-23,WI,WT20s
Pakistan,Australia,won,lost,1st,Dhaka,2014-03-23,PAK,WT20s
Australia,Pakistan,lost,won,2nd,Dhaka,2014-03-23,AUS,WT20s
New Zealand,England,won,won,2nd,Chattogram,2014-03-22,NZ,WT20s
England,New Zealand,lost,lost,1st,Chattogram,2014-03-22,ENG,WT20s
Sri Lanka,South Africa,won,won,1st,Chattogram,2014-03-22,SL,WT20s
South Africa,Sri Lanka,lost,lost,2nd,Chattogram,2014-03-22,SA,WT20s
India,Pakistan,won,won,2nd,Dhaka,2014-03-21,INDIA,WT20s
Pakistan,India,lost,lost,1st,Dhaka,2014-03-21,PAK,WT20s
Netherlands,Ireland,won,won,2nd,Sylhet,2014-03-21,NL,WT20s
Ireland,Netherlands,lost,lost,1st,Sylhet,2014-03-21,IRE,WT20s
Bangladesh,Hong Kong,lost,lost,1st,Chattogram,2014-03-20,BDESH,WT20s
Afghanistan,Nepal,lost,won,2nd,Chattogram,2014-03-20,AFG,WT20s
Ireland,U.A.E.,won,won,2nd,Sylhet,2014-03-19,IRE,WT20s
Netherlands,Zimbabwe,lost,won,1st,Sylhet,2014-03-19,NL,WT20s
Bangladesh,Nepal,won,won,2nd,Chattogram,2014-03-18,BDESH,WT20s
Afghanistan,Hong Kong,won,lost,2nd,Chattogram,2014-03-18,AFG,WT20s
Netherlands,U.A.E.,won,lost,2nd,Sylhet,2014-03-17,NL,WT20s
Ireland,Zimbabwe,won,won,2nd,Sylhet,2014-03-17,IRE,WT20s
Bangladesh,Afghanistan,won,won,2nd,Dhaka,2014-03-16,BDESH,WT20s
Afghanistan,Bangladesh,lost,lost,1st,Dhaka,2014-03-16,AFG,WT20s
West Indies,Sri Lanka,won,won,1st,Colombo (RPS),2012-10-07,WI,WT20s
Sri Lanka,West Indies,lost,lost,2nd,Colombo (RPS),2012-10-07,SL,WT20s
West Indies,Australia,won,won,1st,Colombo (RPS),2012-10-05,WI,WT20s
Australia,West Indies,lost,lost,2nd,Colombo (RPS),2012-10-05,AUS,WT20s
Sri Lanka,Pakistan,won,won,1st,Colombo (RPS),2012-10-04,SL,WT20s
Pakistan,Sri Lanka,lost,lost,2nd,Colombo (RPS),2012-10-04,PAK,WT20s
India,South Africa,won,lost,1st,Colombo (RPS),2012-10-02,INDIA,WT20s
South Africa,India,lost,won,2nd,Colombo (RPS),2012-10-02,SA,WT20s
Pakistan,Australia,won,lost,1st,Colombo (RPS),2012-10-02,PAK,WT20s
Australia,Pakistan,lost,won,2nd,Colombo (RPS),2012-10-02,AUS,WT20s
Sri Lanka,England,won,lost,1st,Pallekele,2012-10-01,SL,WT20s
England,Sri Lanka,lost,won,2nd,Pallekele,2012-10-01,ENG,WT20s
New Zealand,West Indies,tied,won,2nd,Pallekele,2012-10-01,NZ,WT20s
West Indies,New Zealand,tied,lost,1st,Pallekele,2012-10-01,WI,WT20s
India,Pakistan,won,lost,2nd,Colombo (RPS),2012-09-30,INDIA,WT20s
Pakistan,India,lost,won,1st,Colombo (RPS),2012-09-30,PAK,WT20s
Australia,South Africa,won,won,2nd,Colombo (RPS),2012-09-30,AUS,WT20s
South Africa,Australia,lost,lost,1st,Colombo (RPS),2012-09-30,SA,WT20s
Sri Lanka,West Indies,won,lost,2nd,Pallekele,2012-09-29,SL,WT20s
West Indies,Sri Lanka,lost,won,1st,Pallekele,2012-09-29,WI,WT20s
England,New Zealand,won,lost,2nd,Pallekele,2012-09-29,ENG,WT20s
New Zealand,England,lost,won,1st,Pallekele,2012-09-29,NZ,WT20s
Australia,India,won,lost,2nd,Colombo (RPS),2012-09-28,AUS,WT20s
India,Australia,lost,won,1st,Colombo (RPS),2012-09-28,INDIA,WT20s
Pakistan,South Africa,won,lost,2nd,Colombo (RPS),2012-09-28,PAK,WT20s
South Africa,Pakistan,lost,won,1st,Colombo (RPS),2012-09-28,SA,WT20s
West Indies,England,won,won,1st,Pallekele,2012-09-27,WI,WT20s
England,West Indies,lost,lost,2nd,Pallekele,2012-09-27,ENG,WT20s
New Zealand,Sri Lanka,tied,won,1st,Pallekele,2012-09-27,NZ,WT20s
Sri Lanka,New Zealand,tied,lost,2nd,Pallekele,2012-09-27,SL,WT20s
Pakistan,Bangladesh,won,lost,2nd,Pallekele,2012-09-25,PAK,WT20s
Bangladesh,Pakistan,lost,won,1st,Pallekele,2012-09-25,BDESH,WT20s
Ireland,West Indies,n/r,lost,1st,Colombo (RPS),2012-09-24,IRE,WT20s
West Indies,Ireland,n/r,won,2nd,Colombo (RPS),2012-09-24,WI,WT20s
India,England,won,lost,1st,Colombo (RPS),2012-09-23,INDIA,WT20s
England,India,lost,won,2nd,Colombo (RPS),2012-09-23,ENG,WT20s
Pakistan,New Zealand,won,won,1st,Pallekele,2012-09-23,PAK,WT20s
New Zealand,Pakistan,lost,lost,2nd,Pallekele,2012-09-23,NZ,WT20s
Australia,West Indies,won,lost,2nd,Colombo (RPS),2012-09-22,AUS,WT20s
West Indies,Australia,lost,won,1st,Colombo (RPS),2012-09-22,WI,WT20s
South Africa,Sri Lanka,won,lost,1st,Hambantota,2012-09-22,SA,WT20s
Sri Lanka,South Africa,lost,won,2nd,Hambantota,2012-09-22,SL,WT20s
England,Afghanistan,won,lost,1st,Colombo (RPS),2012-09-21,ENG,WT20s
Afghanistan,England,lost,won,2nd,Colombo (RPS),2012-09-21,AFG,WT20s
New Zealand,Bangladesh,won,lost,1st,Pallekele,2012-09-21,NZ,WT20s
Bangladesh,New Zealand,lost,won,2nd,Pallekele,2012-09-21,BDESH,WT20s
South Africa,Zimbabwe,won,won,2nd,Hambantota,2012-09-20,SA,WT20s
India,Afghanistan,won,lost,1st,Colombo (RPS),2012-09-19,INDIA,WT20s
Afghanistan,India,lost,won,2nd,Colombo (RPS),2012-09-19,AFG,WT20s
Australia,Ireland,won,lost,2nd,Colombo (RPS),2012-09-19,AUS,WT20s
Ireland,Australia,lost,won,1st,Colombo (RPS),2012-09-19,IRE,WT20s
Sri Lanka,Zimbabwe,won,lost,1st,Hambantota,2012-09-18,SL,WT20s
England,Australia,won,won,2nd,Bridgetown,2010-05-16,ENG,WT20s
Australia,England,lost,lost,1st,Bridgetown,2010-05-16,AUS,WT20s
Australia,Pakistan,won,won,2nd,Gros Islet,2010-05-14,AUS,WT20s
Pakistan,Australia,lost,lost,1st,Gros Islet,2010-05-14,PAK,WT20s
England,Sri Lanka,won,lost,2nd,Gros Islet,2010-05-13,ENG,WT20s
Sri Lanka,England,lost,won,1st,Gros Islet,2010-05-13,SL,WT20s
Australia,West Indies,won,lost,2nd,Gros Islet,2010-05-11,AUS,WT20s
West Indies,Australia,lost,won,1st,Gros Islet,2010-05-11,WI,WT20s
Sri Lanka,India,won,lost,2nd,Gros Islet,2010-05-11,SL,WT20s
India,Sri Lanka,lost,won,1st,Gros Islet,2010-05-11,INDIA,WT20s
England,New Zealand,won,lost,2nd,Gros Islet,2010-05-10,ENG,WT20s
New Zealand,England,lost,won,1st,Gros Islet,2010-05-10,NZ,WT20s
Pakistan,South Africa,won,won,1st,Gros Islet,2010-05-10,PAK,WT20s
South Africa,Pakistan,lost,lost,2nd,Gros Islet,2010-05-10,SA,WT20s
Australia,Sri Lanka,won,won,1st,Bridgetown,2010-05-09,AUS,WT20s
Sri Lanka,Australia,lost,lost,2nd,Bridgetown,2010-05-09,SL,WT20s
West Indies,India,won,lost,1st,Bridgetown,2010-05-09,WI,WT20s
India,West Indies,lost,won,2nd,Bridgetown,2010-05-09,INDIA,WT20s
England,South Africa,won,won,1st,Bridgetown,2010-05-08,ENG,WT20s
South Africa,England,lost,lost,2nd,Bridgetown,2010-05-08,SA,WT20s
New Zealand,Pakistan,won,lost,1st,Bridgetown,2010-05-08,NZ,WT20s
Pakistan,New Zealand,lost,won,2nd,Bridgetown,2010-05-08,PAK,WT20s
Sri Lanka,West Indies,won,won,1st,Bridgetown,2010-05-07,SL,WT20s
West Indies,Sri Lanka,lost,lost,2nd,Bridgetown,2010-05-07,WI,WT20s
Australia,India,won,lost,1st,Bridgetown,2010-05-07,AUS,WT20s
India,Australia,lost,won,2nd,Bridgetown,2010-05-07,INDIA,WT20s
South Africa,New Zealand,won,won,1st,Bridgetown,2010-05-06,SA,WT20s
New Zealand,South Africa,lost,lost,2nd,Bridgetown,2010-05-06,NZ,WT20s
England,Pakistan,won,won,2nd,Bridgetown,2010-05-06,ENG,WT20s
Pakistan,England,lost,lost,1st,Bridgetown,2010-05-06,PAK,WT20s
South Africa,Afghanistan,won,lost,1st,Bridgetown,2010-05-05,SA,WT20s
Afghanistan,South Africa,lost,won,2nd,Bridgetown,2010-05-05,AFG,WT20s
Australia,Bangladesh,won,won,1st,Bridgetown,2010-05-05,AUS,WT20s
Bangladesh,Australia,lost,lost,2nd,Bridgetown,2010-05-05,BDESH,WT20s
England,Ireland,n/r,lost,1st,Providence,2010-05-04,ENG,WT20s
Ireland,England,n/r,won,2nd,Providence,2010-05-04,IRE,WT20s
New Zealand,Zimbabwe,won,won,2nd,Providence,2010-05-04,NZ,WT20s
West Indies,England,won,won,2nd,Providence,2010-05-03,WI,WT20s
England,West Indies,lost,lost,1st,Providence,2010-05-03,ENG,WT20s
Sri Lanka,Zimbabwe,won,won,1st,Providence,2010-05-03,SL,WT20s
Australia,Pakistan,won,won,1st,Gros Islet,2010-05-02,AUS,WT20s
Pakistan,Australia,lost,lost,2nd,Gros Islet,2010-05-02,PAK,WT20s
India,South Africa,won,lost,1st,Gros Islet,2010-05-02,INDIA,WT20s
South Africa,India,lost,won,2nd,Gros Islet,2010-05-02,SA,WT20s
Pakistan,Bangladesh,won,won,1st,Gros Islet,2010-05-01,PAK,WT20s
Bangladesh,Pakistan,lost,lost,2nd,Gros Islet,2010-05-01,BDESH,WT20s
India,Afghanistan,won,won,2nd,Gros Islet,2010-05-01,INDIA,WT20s
Afghanistan,India,lost,lost,1st,Gros Islet,2010-05-01,AFG,WT20s
West Indies,Ireland,won,won,1st,Providence,2010-04-30,WI,WT20s
Ireland,West Indies,lost,lost,2nd,Providence,2010-04-30,IRE,WT20s
New Zealand,Sri Lanka,won,lost,2nd,Providence,2010-04-30,NZ,WT20s
Sri Lanka,New Zealand,lost,won,1st,Providence,2010-04-30,SL,WT20s
Pakistan,Sri Lanka,won,lost,2nd,Lord's,2009-06-21,PAK,WT20s
Sri Lanka,Pakistan,lost,won,1st,Lord's,2009-06-21,SL,WT20s
Sri Lanka,West Indies,won,lost,1st,The Oval,2009-06-19,SL,WT20s
West Indies,Sri Lanka,lost,won,2nd,The Oval,2009-06-19,WI,WT20s
Pakistan,South Africa,won,won,1st,Nottingham,2009-06-18,PAK,WT20s
South Africa,Pakistan,lost,lost,2nd,Nottingham,2009-06-18,SA,WT20s
South Africa,India,won,won,1st,Nottingham,2009-06-16,SA,WT20s
India,South Africa,lost,lost,2nd,Nottingham,2009-06-16,INDIA,WT20s
Sri Lanka,New Zealand,won,won,1st,Nottingham,2009-06-16,SL,WT20s
New Zealand,Sri Lanka,lost,lost,2nd,Nottingham,2009-06-16,NZ,WT20s
West Indies,England,won,lost,2nd,The Oval,2009-06-15,WI,WT20s
England,West Indies,lost,won,1st,The Oval,2009-06-15,ENG,WT20s
Pakistan,Ireland,won,won,1st,The Oval,2009-06-15,PAK,WT20s
Ireland,Pakistan,lost,lost,2nd,The Oval,2009-06-15,IRE,WT20s
England,India,won,lost,1st,Lord's,2009-06-14,ENG,WT20s
India,England,lost,won,2nd,Lord's,2009-06-14,INDIA,WT20s
Sri Lanka,Ireland,won,won,1st,Lord's,2009-06-14,SL,WT20s
Ireland,Sri Lanka,lost,lost,2nd,Lord's,2009-06-14,IRE,WT20s
Pakistan,New Zealand,won,lost,2nd,The Oval,2009-06-13,PAK,WT20s
New Zealand,Pakistan,lost,won,1st,The Oval,2009-06-13,NZ,WT20s
South Africa,West Indies,won,lost,1st,The Oval,2009-06-13,SA,WT20s
West Indies,South Africa,lost,won,2nd,The Oval,2009-06-13,WI,WT20s
West Indies,India,won,lost,2nd,Lord's,2009-06-12,WI,WT20s
India,West Indies,lost,won,1st,Lord's,2009-06-12,INDIA,WT20s
Sri Lanka,Pakistan,won,won,1st,Lord's,2009-06-12,SL,WT20s
Pakistan,Sri Lanka,lost,lost,2nd,Lord's,2009-06-12,PAK,WT20s
South Africa,England,won,lost,2nd,Nottingham,2009-06-11,SA,WT20s
England,South Africa,lost,won,1st,Nottingham,2009-06-11,ENG,WT20s
New Zealand,Ireland,won,lost,1st,Nottingham,2009-06-11,NZ,WT20s
Ireland,New Zealand,lost,won,2nd,Nottingham,2009-06-11,IRE,WT20s
India,Ireland,won,won,2nd,Nottingham,2009-06-10,INDIA,WT20s
Ireland,India,lost,lost,1st,Nottingham,2009-06-10,IRE,WT20s
Sri Lanka,West Indies,won,lost,1st,Nottingham,2009-06-10,SL,WT20s
West Indies,Sri Lanka,lost,won,2nd,Nottingham,2009-06-10,WI,WT20s
South Africa,New Zealand,won,lost,1st,Lord's,2009-06-09,SA,WT20s
New Zealand,South Africa,lost,won,2nd,Lord's,2009-06-09,NZ,WT20s
Pakistan,Netherlands,won,won,1st,Lord's,2009-06-09,PAK,WT20s
Netherlands,Pakistan,lost,lost,2nd,Lord's,2009-06-09,NL,WT20s
Sri Lanka,Australia,won,won,2nd,Nottingham,2009-06-08,SL,WT20s
Australia,Sri Lanka,lost,lost,1st,Nottingham,2009-06-08,AUS,WT20s
Ireland,Bangladesh,won,won,2nd,Nottingham,2009-06-08,IRE,WT20s
Bangladesh,Ireland,lost,lost,1st,Nottingham,2009-06-08,BDESH,WT20s
England,Pakistan,won,lost,1st,The Oval,2009-06-07,ENG,WT20s
Pakistan,England,lost,won,2nd,The Oval,2009-06-07,PAK,WT20s
South Africa,Scotland,won,lost,1st,The Oval,2009-06-07,SA,WT20s
Scotland,South Africa,lost,won,2nd,The Oval,2009-06-07,SCOT,WT20s
India,Bangladesh,won,won,1st,Nottingham,2009-06-06,INDIA,WT20s
Bangladesh,India,lost,lost,2nd,Nottingham,2009-06-06,BDESH,WT20s
West Indies,Australia,won,lost,2nd,The Oval,2009-06-06,WI,WT20s
Australia,West Indies,lost,won,1st,The Oval,2009-06-06,AUS,WT20s
New Zealand,Scotland,won,won,2nd,The Oval,2009-06-06,NZ,WT20s
Scotland,New Zealand,lost,lost,1st,The Oval,2009-06-06,SCOT,WT20s
Netherlands,England,won,won,2nd,Lord's,2009-06-05,NL,WT20s
England,Netherlands,lost,lost,1st,Lord's,2009-06-05,ENG,WT20s
India,Pakistan,won,won,1st,Johannesburg,2007-09-24,INDIA,WT20s
Pakistan,India,lost,lost,2nd,Johannesburg,2007-09-24,PAK,WT20s
India,Australia,won,won,1st,Durban,2007-09-22,INDIA,WT20s
Australia,India,lost,lost,2nd,Durban,2007-09-22,AUS,WT20s
Pakistan,New Zealand,won,lost,2nd,Cape Town,2007-09-22,PAK,WT20s
New Zealand,Pakistan,lost,won,1st,Cape Town,2007-09-22,NZ,WT20s
India,South Africa,won,won,1st,Durban,2007-09-20,INDIA,WT20s
South Africa,India,lost,lost,2nd,Durban,2007-09-20,SA,WT20s
Pakistan,Bangladesh,won,won,2nd,Cape Town,2007-09-20,PAK,WT20s
Bangladesh,Pakistan,lost,lost,1st,Cape Town,2007-09-20,BDESH,WT20s
Australia,Sri Lanka,won,won,2nd,Cape Town,2007-09-20,AUS,WT20s
Sri Lanka,Australia,lost,lost,1st,Cape Town,2007-09-20,SL,WT20s
India,England,won,won,1st,Durban,2007-09-19,INDIA,WT20s
England,India,lost,lost,2nd,Durban,2007-09-19,ENG,WT20s
South Africa,New Zealand,won,won,2nd,Durban,2007-09-19,SA,WT20s
New Zealand,South Africa,lost,lost,1st,Durban,2007-09-19,NZ,WT20s
Sri Lanka,Bangladesh,won,lost,1st,Johannesburg,2007-09-18,SL,WT20s
Bangladesh,Sri Lanka,lost,won,2nd,Johannesburg,2007-09-18,BDESH,WT20s
Pakistan,Australia,won,won,2nd,Johannesburg,2007-09-18,PAK,WT20s
Australia,Pakistan,lost,lost,1st,Johannesburg,2007-09-18,AUS,WT20s
New Zealand,England,won,lost,1st,Durban,2007-09-18,NZ,WT20s
England,New Zealand,lost,won,2nd,Durban,2007-09-18,ENG,WT20s
Pakistan,Sri Lanka,won,lost,1st,Johannesburg,2007-09-17,PAK,WT20s
Sri Lanka,Pakistan,lost,won,2nd,Johannesburg,2007-09-17,SL,WT20s
South Africa,England,won,lost,1st,Cape Town,2007-09-16,SA,WT20s
England,South Africa,lost,won,2nd,Cape Town,2007-09-16,ENG,WT20s
Australia,Bangladesh,won,won,2nd,Cape Town,2007-09-16,AUS,WT20s
Bangladesh,Australia,lost,lost,1st,Cape Town,2007-09-16,BDESH,WT20s
New Zealand,India,won,lost,1st,Johannesburg,2007-09-16,NZ,WT20s
India,New Zealand,lost,won,2nd,Johannesburg,2007-09-16,INDIA,WT20s
South Africa,Bangladesh,won,won,2nd,Cape Town,2007-09-15,SA,WT20s
Bangladesh,South Africa,lost,lost,1st,Cape Town,2007-09-15,BDESH,WT20s
Sri Lanka,New Zealand,won,lost,2nd,Johannesburg,2007-09-15,SL,WT20s
New Zealand,Sri Lanka,lost,won,1st,Johannesburg,2007-09-15,NZ,WT20s
India,Pakistan,tied,lost,1st,Durban,2007-09-14,INDIA,WT20s
Pakistan,India,tied,won,2nd,Durban,2007-09-14,PAK,WT20s
Australia,England,won,lost,2nd,Cape Town,2007-09-14,AUS,WT20s
England,Australia,lost,won,1st,Cape Town,2007-09-14,ENG,WT20s
Sri Lanka,Kenya,won,lost,1st,Johannesburg,2007-09-14,SL,WT20s
India,Scotland,n/r,lost,1st,Durban,2007-09-13,INDIA,WT20s
Scotland,India,n/r,won,2nd,Durban,2007-09-13,SCOT,WT20s
England,Zimbabwe,won,won,1st,Cape Town,2007-09-13,ENG,WT20s
Bangladesh,West Indies,won,won,2nd,Johannesburg,2007-09-13,BDESH,WT20s
West Indies,Bangladesh,lost,lost,1st,Johannesburg,2007-09-13,WI,WT20s
Australia,Zimbabwe,lost,won,1st,Cape Town,2007-09-12,AUS,WT20s
Pakistan,Scotland,won,lost,1st,Durban,2007-09-12,PAK,WT20s
Scotland,Pakistan,lost,won,2nd,Durban,2007-09-12,SCOT,WT20s
New Zealand,Kenya,won,won,2nd,Durban,2007-09-12,NZ,WT20s
South Africa,West Indies,won,won,2nd,Johannesburg,2007-09-11,SA,WT20s
West Indies,South Africa,lost,lost,1st,Johannesburg,2007-09-11,WI,WT20s
India,Zimbabwe,lost,won,2nd,Harare,2016-06-18,INDIA,T20s
India,Zimbabwe,won,lost,2nd,Harare,2016-06-20,INDIA,T20s
India,Zimbabwe,won,lost,1st,Harare,2016-06-22,INDIA,T20s
England,Sri Lanka,won,lost,2nd,Southampton,2016-07-05,ENG,T20s
Sri Lanka,England,lost,won,1st,Southampton,2016-07-05,SL,T20s
West Indies,India,won,lost,1st,Lauderhill,2016-08-27,WI,T20s
India,West Indies,lost,won,2nd,Lauderhill,2016-08-27,INDIA,T20s
India,West Indies,n/r,won,2nd,Lauderhill,2016-08-28,INDIA,T20s
West Indies,India,n/r,lost,1st,Lauderhill,2016-08-28,WI,T20s
Ireland,Hong Kong,lost,lost,2nd,Bready,2016-09-05,IRE,T20s
Australia,Sri Lanka,won,lost,1st,Pallekele,2016-09-06,AUS,T20s
Sri Lanka,Australia,lost,won,2nd,Pallekele,2016-09-06,SL,T20s
Ireland,Hong Kong,aban,-,DNB,Bready,2016-09-06,IRE,T20s
Pakistan,England,won,lost,2nd,Manchester,2016-09-07,PAK,T20s
England,Pakistan,lost,won,1st,Manchester,2016-09-07,ENG,T20s
Australia,Sri Lanka,won,lost,2nd,Colombo (RPS),2016-09-09,AUS,T20s
Sri Lanka,Australia,lost,won,1st,Colombo (RPS),2016-09-09,SL,T20s
Pakistan,West Indies,won,won,2nd,Dubai (DSC),2016-09-23,PAK,T20s
West Indies,Pakistan,lost,lost,1st,Dubai (DSC),2016-09-23,WI,T20s
Pakistan,West Indies,won,lost,1st,Dubai (DSC),2016-09-24,PAK,T20s
West Indies,Pakistan,lost,won,2nd,Dubai (DSC),2016-09-24,WI,T20s
Pakistan,West Indies,won,won,2nd,Abu Dhabi,2016-09-27,PAK,T20s
West Indies,Pakistan,lost,lost,1st,Abu Dhabi,2016-09-27,WI,T20s
Afghanistan,U.A.E.,won,won,1st,ICCA Dubai,2016-12-14,AFG,T20s
Afghanistan,U.A.E.,won,lost,2nd,Dubai (DSC),2016-12-16,AFG,T20s
Afghanistan,U.A.E.,won,won,1st,ICCA Dubai,2016-12-18,AFG,T20s
New Zealand,Bangladesh,won,lost,2nd,Napier,2017-01-03,NZ,T20s
Bangladesh,New Zealand,lost,won,1st,Napier,2017-01-03,BDESH,T20s
New Zealand,Bangladesh,won,lost,1st,Mount Maunganui,2017-01-06,NZ,T20s
Bangladesh,New Zealand,lost,won,2nd,Mount Maunganui,2017-01-06,BDESH,T20s
New Zealand,Bangladesh,won,lost,1st,Mount Maunganui,2017-01-08,NZ,T20s
Bangladesh,New Zealand,lost,won,2nd,Mount Maunganui,2017-01-08,BDESH,T20s
Scotland,Hong Kong,won,won,1st,Abu Dhabi,2017-01-14,SCOT,T20s
Afghanistan,Ireland,won,lost,2nd,Abu Dhabi,2017-01-14,AFG,T20s
Ireland,Afghanistan,lost,won,1st,Abu Dhabi,2017-01-14,IRE,T20s
Netherlands,Oman,won,lost,2nd,Abu Dhabi,2017-01-15,NL,T20s
Oman,Netherlands,lost,won,1st,Abu Dhabi,2017-01-15,OMAN,T20s
Oman,Hong Kong,won,won,2nd,Abu Dhabi,2017-01-16,OMAN,T20s
Afghanistan,U.A.E.,won,won,2nd,Abu Dhabi,2017-01-16,AFG,T20s
Scotland,Netherlands,won,lost,1st,Abu Dhabi,2017-01-17,SCOT,T20s
Netherlands,Scotland,lost,won,2nd,Abu Dhabi,2017-01-17,NL,T20s
Ireland,U.A.E.,won,won,1st,Dubai (DSC),2017-01-18,IRE,T20s
Netherlands,Hong Kong,lost,lost,2nd,Dubai (DSC),2017-01-18,NL,T20s
Scotland,Oman,won,lost,2nd,Dubai (DSC),2017-01-19,SCOT,T20s
Oman,Scotland,lost,won,1st,Dubai (DSC),2017-01-19,OMAN,T20s
Afghanistan,Oman,won,won,2nd,Dubai (DSC),2017-01-20,AFG,T20s
Oman,Afghanistan,lost,lost,1st,Dubai (DSC),2017-01-20,OMAN,T20s
Ireland,Scotland,won,lost,1st,Dubai (DSC),2017-01-20,IRE,T20s
Scotland,Ireland,lost,won,2nd,Dubai (DSC),2017-01-20,SCOT,T20s
Afghanistan,Ireland,won,lost,2nd,Dubai (DSC),2017-01-20,AFG,T20s
Ireland,Afghanistan,lost,won,1st,Dubai (DSC),2017-01-20,IRE,T20s
South Africa,Sri Lanka,won,lost,1st,Centurion,2017-01-20,SA,T20s
Sri Lanka,South Africa,lost,won,2nd,Centurion,2017-01-20,SL,T20s
Sri Lanka,South Africa,won,lost,2nd,Johannesburg,2017-01-22,SL,T20s
South Africa,Sri Lanka,lost,won,1st,Johannesburg,2017-01-22,SA,T20s
Sri Lanka,South Africa,won,lost,2nd,Cape Town,2017-01-25,SL,T20s
South Africa,Sri Lanka,lost,won,1st,Cape Town,2017-01-25,SA,T20s
England,India,won,won,2nd,Kanpur,2017-01-26,ENG,T20s
India,England,lost,lost,1st,Kanpur,2017-01-26,INDIA,T20s
India,England,won,lost,1st,Nagpur,2017-01-29,INDIA,T20s
England,India,lost,won,2nd,Nagpur,2017-01-29,ENG,T20s
India,England,won,lost,1st,Bengaluru,2017-02-01,INDIA,T20s
England,India,lost,won,2nd,Bengaluru,2017-02-01,ENG,T20s
South Africa,New Zealand,won,lost,1st,Auckland,2017-02-17,SA,T20s
New Zealand,South Africa,lost,won,2nd,Auckland,2017-02-17,NZ,T20s
Sri Lanka,Australia,won,won,2nd,Melbourne,2017-02-17,SL,T20s
Australia,Sri Lanka,lost,lost,1st,Melbourne,2017-02-17,AUS,T20s
Sri Lanka,Australia,won,won,2nd,Geelong,2017-02-19,SL,T20s
Australia,Sri Lanka,lost,lost,1st,Geelong,2017-02-19,AUS,T20s
Australia,Sri Lanka,won,lost,1st,Adelaide,2017-02-22,AUS,T20s
Sri Lanka,Australia,lost,won,2nd,Adelaide,2017-02-22,SL,T20s
Afghanistan,Ireland,won,lost,2nd,Greater Noida,2017-03-08,AFG,T20s
Ireland,Afghanistan,lost,won,1st,Greater Noida,2017-03-08,IRE,T20s
Afghanistan,Ireland,won,won,1st,Greater Noida,2017-03-10,AFG,T20s
Ireland,Afghanistan,lost,lost,2nd,Greater Noida,2017-03-10,IRE,T20s
Afghanistan,Ireland,won,lost,1st,Greater Noida,2017-03-12,AFG,T20s
Ireland,Afghanistan,lost,won,2nd,Greater Noida,2017-03-12,IRE,T20s
Pakistan,West Indies,won,won,2nd,Bridgetown,2017-03-26,PAK,T20s
West Indies,Pakistan,lost,lost,1st,Bridgetown,2017-03-26,WI,T20s
Pakistan,West Indies,won,lost,1st,Port of Spain,2017-03-30,PAK,T20s
West Indies,Pakistan,lost,won,2nd,Port of Spain,2017-03-30,WI,T20s
West Indies,Pakistan,won,lost,2nd,Port of Spain,2017-04-01,WI,T20s
Pakistan,West Indies,lost,won,1st,Port of Spain,2017-04-01,PAK,T20s
Pakistan,West Indies,won,won,2nd,Port of Spain,2017-04-02,PAK,T20s
West Indies,Pakistan,lost,lost,1st,Port of Spain,2017-04-02,WI,T20s
Sri Lanka,Bangladesh,won,lost,2nd,Colombo (RPS),2017-04-04,SL,T20s
Bangladesh,Sri Lanka,lost,won,1st,Colombo (RPS),2017-04-04,BDESH,T20s
Bangladesh,Sri Lanka,won,won,1st,Colombo (RPS),2017-04-06,BDESH,T20s
Sri Lanka,Bangladesh,lost,lost,2nd,Colombo (RPS),2017-04-06,SL,T20s
West Indies,Afghanistan,won,lost,2nd,Basseterre,2017-06-02,WI,T20s
Afghanistan,West Indies,lost,won,1st,Basseterre,2017-06-02,AFG,T20s
West Indies,Afghanistan,won,won,1st,Basseterre,2017-06-03,WI,T20s
Afghanistan,West Indies,lost,lost,2nd,Basseterre,2017-06-03,AFG,T20s
West Indies,Afghanistan,won,lost,2nd,Basseterre,2017-06-05,WI,T20s
Afghanistan,West Indies,lost,won,1st,Basseterre,2017-06-05,AFG,T20s
England,South Africa,won,lost,2nd,Southampton,2017-06-21,ENG,T20s
South Africa,England,lost,won,1st,Southampton,2017-06-21,SA,T20s
South Africa,England,won,lost,1st,Taunton,2017-06-23,SA,T20s
England,South Africa,lost,won,2nd,Taunton,2017-06-23,ENG,T20s
England,South Africa,won,lost,1st,Cardiff,2017-06-25,ENG,T20s
South Africa,England,lost,won,2nd,Cardiff,2017-06-25,SA,T20s
West Indies,India,won,won,2nd,Kingston,2017-07-09,WI,T20s
India,West Indies,lost,lost,1st,Kingston,2017-07-09,INDIA,T20s
India,Sri Lanka,won,won,2nd,Colombo (RPS),2017-09-06,INDIA,T20s
Sri Lanka,India,lost,lost,1st,Colombo (RPS),2017-09-06,SL,T20s
Pakistan,World-XI,won,lost,1st,Lahore,2017-09-12,PAK,T20s
Pakistan,World-XI,lost,won,1st,Lahore,2017-09-13,PAK,T20s
Pakistan,World-XI,won,lost,1st,Lahore,2017-09-15,PAK,T20s
West Indies,England,won,lost,1st,Chester-le-Street,2017-09-16,WI,T20s
England,West Indies,lost,won,2nd,Chester-le-Street,2017-09-16,ENG,T20s
India,Australia,won,won,2nd,Ranchi,2017-10-07,INDIA,T20s
Australia,India,lost,lost,1st,Ranchi,2017-10-07,AUS,T20s
Australia,India,won,won,2nd,Guwahati,2017-10-10,AUS,T20s
India,Australia,lost,lost,1st,Guwahati,2017-10-10,INDIA,T20s
Australia,India,aban,-,DNB,Hyderabad (Deccan),2017-10-13,AUS,T20s
India,Australia,aban,-,DNB,Hyderabad (Deccan),2017-10-13,INDIA,T20s
Pakistan,Sri Lanka,won,won,2nd,Abu Dhabi,2017-10-26,PAK,T20s
Sri Lanka,Pakistan,lost,lost,1st,Abu Dhabi,2017-10-26,SL,T20s
South Africa,Bangladesh,won,won,1st,Bloemfontein,2017-10-26,SA,T20s
Bangladesh,South Africa,lost,lost,2nd,Bloemfontein,2017-10-26,BDESH,T20s
Pakistan,Sri Lanka,won,won,2nd,Abu Dhabi,2017-10-27,PAK,T20s
Sri Lanka,Pakistan,lost,lost,1st,Abu Dhabi,2017-10-27,SL,T20s
South Africa,Bangladesh,won,lost,1st,Potchefstroom,2017-10-29,SA,T20s
Bangladesh,South Africa,lost,won,2nd,Potchefstroom,2017-10-29,BDESH,T20s
Pakistan,Sri Lanka,won,lost,1st,Lahore,2017-10-29,PAK,T20s
Sri Lanka,Pakistan,lost,won,2nd,Lahore,2017-10-29,SL,T20s
India,New Zealand,won,lost,1st,Delhi,2017-11-01,INDIA,T20s
New Zealand,India,lost,won,2nd,Delhi,2017-11-01,NZ,T20s
New Zealand,India,won,won,1st,Rajkot,2017-11-04,NZ,T20s
India,New Zealand,lost,lost,2nd,Rajkot,2017-11-04,INDIA,T20s
India,New Zealand,won,lost,1st,Thiruvananthapuram,2017-11-07,INDIA,T20s
New Zealand,India,lost,won,2nd,Thiruvananthapuram,2017-11-07,NZ,T20s
India,Sri Lanka,won,lost,1st,Cuttack,2017-12-20,INDIA,T20s
Sri Lanka,India,lost,won,2nd,Cuttack,2017-12-20,SL,T20s
India,Sri Lanka,won,lost,1st,Indore,2017-12-22,INDIA,T20s
Sri Lanka,India,lost,won,2nd,Indore,2017-12-22,SL,T20s
India,Sri Lanka,won,won,2nd,Mumbai,2017-12-24,INDIA,T20s
Sri Lanka,India,lost,lost,1st,Mumbai,2017-12-24,SL,T20s
New Zealand,West Indies,won,lost,1st,Nelson,2017-12-29,NZ,T20s
West Indies,New Zealand,lost,won,2nd,Nelson,2017-12-29,WI,T20s
New Zealand,West Indies,n/r,lost,1st,Mount Maunganui,2018-01-01,NZ,T20s
West Indies,New Zealand,n/r,won,2nd,Mount Maunganui,2018-01-01,WI,T20s
New Zealand,West Indies,won,won,1st,Mount Maunganui,2018-01-03,NZ,T20s
West Indies,New Zealand,lost,lost,2nd,Mount Maunganui,2018-01-03,WI,T20s
New Zealand,Pakistan,won,won,2nd,Wellington,2018-01-22,NZ,T20s
Pakistan,New Zealand,lost,lost,1st,Wellington,2018-01-22,PAK,T20s
Pakistan,New Zealand,won,won,1st,Auckland,2018-01-25,PAK,T20s
New Zealand,Pakistan,lost,lost,2nd,Auckland,2018-01-25,NZ,T20s
Pakistan,New Zealand,won,won,1st,Mount Maunganui,2018-01-28,PAK,T20s
New Zealand,Pakistan,lost,lost,2nd,Mount Maunganui,2018-01-28,NZ,T20s
Australia,New Zealand,won,won,2nd,Sydney,2018-02-03,AUS,T20s
New Zealand,Australia,lost,lost,1st,Sydney,2018-02-03,NZ,T20s
Afghanistan,Zimbabwe,won,won,2nd,Sharjah,2018-02-05,AFG,T20s
Afghanistan,Zimbabwe,won,lost,1st,Sharjah,2018-02-06,AFG,T20s
Australia,England,won,won,2nd,Hobart,2018-02-07,AUS,T20s
England,Australia,lost,lost,1st,Hobart,2018-02-07,ENG,T20s
Australia,England,won,won,2nd,Melbourne,2018-02-10,AUS,T20s
England,Australia,lost,lost,1st,Melbourne,2018-02-10,ENG,T20s
New Zealand,England,won,lost,1st,Wellington,2018-02-13,NZ,T20s
England,New Zealand,lost,won,2nd,Wellington,2018-02-13,ENG,T20s
Sri Lanka,Bangladesh,won,lost,2nd,Dhaka,2018-02-15,SL,T20s
Bangladesh,Sri Lanka,lost,won,1st,Dhaka,2018-02-15,BDESH,T20s
Australia,New Zealand,won,lost,2nd,Auckland,2018-02-16,AUS,T20s
New Zealand,Australia,lost,won,1st,Auckland,2018-02-16,NZ,T20s
England,New Zealand,won,lost,1st,Hamilton,2018-02-18,ENG,T20s
New Zealand,England,lost,won,2nd,Hamilton,2018-02-18,NZ,T20s
Sri Lanka,Bangladesh,won,lost,1st,Sylhet,2018-02-18,SL,T20s
Bangladesh,Sri Lanka,lost,won,2nd,Sylhet,2018-02-18,BDESH,T20s
India,South Africa,won,lost,1st,Johannesburg,2018-02-18,INDIA,T20s
South Africa,India,lost,won,2nd,Johannesburg,2018-02-18,SA,T20s
Australia,New Zealand,won,lost,2nd,Auckland,2018-02-21,AUS,T20s
New Zealand,Australia,lost,won,1st,Auckland,2018-02-21,NZ,T20s
South Africa,India,won,won,2nd,Centurion,2018-02-21,SA,T20s
India,South Africa,lost,lost,1st,Centurion,2018-02-21,INDIA,T20s
India,South Africa,won,lost,1st,Cape Town,2018-02-24,INDIA,T20s
South Africa,India,lost,won,2nd,Cape Town,2018-02-24,SA,T20s
Sri Lanka,India,won,won,2nd,Colombo (RPS),2018-03-06,SL,T20s
India,Sri Lanka,lost,lost,1st,Colombo (RPS),2018-03-06,INDIA,T20s
India,Bangladesh,won,won,2nd,Colombo (RPS),2018-03-08,INDIA,T20s
Bangladesh,India,lost,lost,1st,Colombo (RPS),2018-03-08,BDESH,T20s
Bangladesh,Sri Lanka,won,won,2nd,Colombo (RPS),2018-03-10,BDESH,T20s
Sri Lanka,Bangladesh,lost,lost,1st,Colombo (RPS),2018-03-10,SL,T20s
India,Sri Lanka,won,won,2nd,Colombo (RPS),2018-03-12,INDIA,T20s
Sri Lanka,India,lost,lost,1st,Colombo (RPS),2018-03-12,SL,T20s
India,Bangladesh,won,lost,1st,Colombo (RPS),2018-03-14,INDIA,T20s
Bangladesh,India,lost,won,2nd,Colombo (RPS),2018-03-14,BDESH,T20s
Bangladesh,Sri Lanka,won,won,2nd,Colombo (RPS),2018-03-16,BDESH,T20s
Sri Lanka,Bangladesh,lost,lost,1st,Colombo (RPS),2018-03-16,SL,T20s
India,Bangladesh,won,won,2nd,Colombo (RPS),2018-03-18,INDIA,T20s
Bangladesh,India,lost,lost,1st,Colombo (RPS),2018-03-18,BDESH,T20s
Pakistan,West Indies,won,lost,1st,Karachi,2018-04-01,PAK,T20s
West Indies,Pakistan,lost,won,2nd,Karachi,2018-04-01,WI,T20s
Pakistan,West Indies,won,won,1st,Karachi,2018-04-02,PAK,T20s
West Indies,Pakistan,lost,lost,2nd,Karachi,2018-04-02,WI,T20s
Pakistan,West Indies,won,lost,2nd,Karachi,2018-04-03,PAK,T20s
West Indies,Pakistan,lost,won,1st,Karachi,2018-04-03,WI,T20s
West Indies,ICC World XI,won,lost,1st,Lord's,2018-05-31,WI,T20s
Afghanistan,Bangladesh,won,lost,1st,Dehradun,2018-06-03,AFG,T20s
Bangladesh,Afghanistan,lost,won,2nd,Dehradun,2018-06-03,BDESH,T20s
Afghanistan,Bangladesh,won,lost,2nd,Dehradun,2018-06-05,AFG,T20s
Bangladesh,Afghanistan,lost,won,1st,Dehradun,2018-06-05,BDESH,T20s
Afghanistan,Bangladesh,won,won,1st,Dehradun,2018-06-07,AFG,T20s
Bangladesh,Afghanistan,lost,lost,2nd,Dehradun,2018-06-07,BDESH,T20s
Netherlands,Ireland,won,lost,1st,Rotterdam,2018-06-12,NL,T20s
Ireland,Netherlands,lost,won,2nd,Rotterdam,2018-06-12,IRE,T20s
Pakistan,Scotland,won,won,1st,Edinburgh,2018-06-12,PAK,T20s
Scotland,Pakistan,lost,lost,2nd,Edinburgh,2018-06-12,SCOT,T20s
Netherlands,Ireland,won,lost,2nd,Rotterdam,2018-06-13,NL,T20s
Ireland,Netherlands,lost,won,1st,Rotterdam,2018-06-13,IRE,T20s
Pakistan,Scotland,won,won,1st,Edinburgh,2018-06-13,PAK,T20s
Scotland,Pakistan,lost,lost,2nd,Edinburgh,2018-06-13,SCOT,T20s
Ireland,Scotland,won,won,1st,Deventer,2018-06-16,IRE,T20s
Scotland,Ireland,lost,lost,2nd,Deventer,2018-06-16,SCOT,T20s
Ireland,Scotland,tied,lost,2nd,Deventer,2018-06-17,IRE,T20s
Scotland,Ireland,tied,won,1st,Deventer,2018-06-17,SCOT,T20s
Scotland,Netherlands,won,lost,2nd,Amstelveen,2018-06-19,SCOT,T20s
Netherlands,Scotland,lost,won,1st,Amstelveen,2018-06-19,NL,T20s
Scotland,Netherlands,won,won,1st,Amstelveen,2018-06-20,SCOT,T20s
Netherlands,Scotland,lost,lost,2nd,Amstelveen,2018-06-20,NL,T20s
India,Ireland,won,lost,1st,Dublin (Malahide),2018-06-27,INDIA,T20s
Ireland,India,lost,won,2nd,Dublin (Malahide),2018-06-27,IRE,T20s
England,Australia,won,lost,1st,Birmingham,2018-06-27,ENG,T20s
Australia,England,lost,won,2nd,Birmingham,2018-06-27,AUS,T20s
India,Ireland,won,lost,1st,Dublin (Malahide),2018-06-29,INDIA,T20s
Ireland,India,lost,won,2nd,Dublin (Malahide),2018-06-29,IRE,T20s
Pakistan,Zimbabwe,won,lost,1st,Harare,2018-07-01,PAK,T20s
Australia,Pakistan,won,won,2nd,Harare,2018-07-02,AUS,T20s
Pakistan,Australia,lost,lost,1st,Harare,2018-07-02,PAK,T20s
Australia,Zimbabwe,won,lost,1st,Harare,2018-07-03,AUS,T20s
India,England,won,won,2nd,Manchester,2018-07-03,INDIA,T20s
England,India,lost,lost,1st,Manchester,2018-07-03,ENG,T20s
Pakistan,Zimbabwe,won,won,2nd,Harare,2018-07-04,PAK,T20s
Pakistan,Australia,won,lost,1st,Harare,2018-07-05,PAK,T20s
Australia,Pakistan,lost,won,2nd,Harare,2018-07-05,AUS,T20s
Australia,Zimbabwe,won,lost,2nd,Harare,2018-07-06,AUS,T20s
England,India,won,won,2nd,Cardiff,2018-07-06,ENG,T20s
India,England,lost,lost,1st,Cardiff,2018-07-06,INDIA,T20s
Pakistan,Australia,won,lost,2nd,Harare,2018-07-08,PAK,T20s
Australia,Pakistan,lost,won,1st,Harare,2018-07-08,AUS,T20s
India,England,won,won,2nd,Bristol,2018-07-08,INDIA,T20s
England,India,lost,lost,1st,Bristol,2018-07-08,ENG,T20s
Netherlands,Nepal,n/r,lost,1st,Lord's,2018-07-29,NL,T20s
West Indies,Bangladesh,won,won,2nd,Basseterre,2018-07-31,WI,T20s
Bangladesh,West Indies,lost,lost,1st,Basseterre,2018-07-31,BDESH,T20s
Bangladesh,West Indies,won,lost,1st,Lauderhill,2018-08-04,BDESH,T20s
West Indies,Bangladesh,lost,won,2nd,Lauderhill,2018-08-04,WI,T20s
Bangladesh,West Indies,won,won,1st,Lauderhill,2018-08-05,BDESH,T20s
West Indies,Bangladesh,lost,lost,2nd,Lauderhill,2018-08-05,WI,T20s
Sri Lanka,South Africa,won,lost,2nd,Colombo (RPS),2018-08-14,SL,T20s
South Africa,Sri Lanka,lost,won,1st,Colombo (RPS),2018-08-14,SA,T20s
Afghanistan,Ireland,won,lost,1st,Bready,2018-08-20,AFG,T20s
Ireland,Afghanistan,lost,won,2nd,Bready,2018-08-20,IRE,T20s
Afghanistan,Ireland,won,won,1st,Bready,2018-08-22,AFG,T20s
Ireland,Afghanistan,lost,lost,2nd,Bready,2018-08-22,IRE,T20s
Afghanistan,Ireland,aban,-,DNB,Bready,2018-08-24,AFG,T20s
Ireland,Afghanistan,aban,-,DNB,Bready,2018-08-24,IRE,T20s
South Africa,Zimbabwe,won,won,1st,East London,2018-10-09,SA,T20s
South Africa,Zimbabwe,won,lost,2nd,Potchefstroom,2018-10-12,SA,T20s
South Africa,Zimbabwe,aban,-,DNB,Benoni,2018-10-14,SA,T20s
Australia,U.A.E.,won,lost,2nd,Tolerance Oval,2018-10-22,AUS,T20s
Pakistan,Australia,won,lost,1st,Abu Dhabi,2018-10-24,PAK,T20s
Australia,Pakistan,lost,won,2nd,Abu Dhabi,2018-10-24,AUS,T20s
Pakistan,Australia,won,won,1st,Dubai (DSC),2018-10-26,PAK,T20s
Australia,Pakistan,lost,lost,2nd,Dubai (DSC),2018-10-26,AUS,T20s
England,Sri Lanka,won,lost,1st,Colombo (RPS),2018-10-27,ENG,T20s
Sri Lanka,England,lost,won,2nd,Colombo (RPS),2018-10-27,SL,T20s
Pakistan,Australia,won,won,1st,Dubai (DSC),2018-10-28,PAK,T20s
Australia,Pakistan,lost,lost,2nd,Dubai (DSC),2018-10-28,AUS,T20s
Pakistan,New Zealand,won,won,1st,Abu Dhabi,2018-10-31,PAK,T20s
New Zealand,Pakistan,lost,lost,2nd,Abu Dhabi,2018-10-31,NZ,T20s
Pakistan,New Zealand,won,lost,2nd,Dubai (DSC),2018-11-02,PAK,T20s
New Zealand,Pakistan,lost,won,1st,Dubai (DSC),2018-11-02,NZ,T20s
India,West Indies,won,won,2nd,Kolkata,2018-11-04,INDIA,T20s
West Indies,India,lost,lost,1st,Kolkata,2018-11-04,WI,T20s
Pakistan,New Zealand,won,won,1st,Dubai (DSC),2018-11-04,PAK,T20s
New Zealand,Pakistan,lost,lost,2nd,Dubai (DSC),2018-11-04,NZ,T20s
India,West Indies,won,lost,1st,Lucknow,2018-11-06,INDIA,T20s
West Indies,India,lost,won,2nd,Lucknow,2018-11-06,WI,T20s
India,West Indies,won,lost,2nd,Chennai,2018-11-11,INDIA,T20s
West Indies,India,lost,won,1st,Chennai,2018-11-11,WI,T20s
South Africa,Australia,won,lost,1st,Carrara,2018-11-17,SA,T20s
Australia,South Africa,lost,won,2nd,Carrara,2018-11-17,AUS,T20s
Australia,India,won,lost,1st,Brisbane,2018-11-21,AUS,T20s
India,Australia,lost,won,2nd,Brisbane,2018-11-21,INDIA,T20s
Australia,India,n/r,lost,1st,Melbourne,2018-11-23,AUS,T20s
India,Australia,n/r,won,2nd,Melbourne,2018-11-23,INDIA,T20s
India,Australia,won,lost,2nd,Sydney,2018-11-25,INDIA,T20s
Australia,India,lost,won,1st,Sydney,2018-11-25,AUS,T20s
West Indies,Bangladesh,won,lost,2nd,Sylhet,2018-12-17,WI,T20s
Bangladesh,West Indies,lost,won,1st,Sylhet,2018-12-17,BDESH,T20s
Bangladesh,West Indies,won,lost,1st,Dhaka,2018-12-20,BDESH,T20s
West Indies,Bangladesh,lost,won,2nd,Dhaka,2018-12-20,WI,T20s
West Indies,Bangladesh,won,lost,1st,Dhaka,2018-12-22,WI,T20s
Bangladesh,West Indies,lost,won,2nd,Dhaka,2018-12-22,BDESH,T20s
New Zealand,Sri Lanka,won,lost,1st,Auckland,2019-01-11,NZ,T20s
Sri Lanka,New Zealand,lost,won,2nd,Auckland,2019-01-11,SL,T20s
South Africa,Pakistan,won,lost,1st,Cape Town,2019-02-01,SA,T20s
Pakistan,South Africa,lost,won,2nd,Cape Town,2019-02-01,PAK,T20s
South Africa,Pakistan,won,lost,1st,Johannesburg,2019-02-03,SA,T20s
Pakistan,South Africa,lost,won,2nd,Johannesburg,2019-02-03,PAK,T20s
New Zealand,India,won,lost,1st,Wellington,2019-02-06,NZ,T20s
India,New Zealand,lost,won,2nd,Wellington,2019-02-06,INDIA,T20s
Pakistan,South Africa,won,lost,1st,Centurion,2019-02-06,PAK,T20s
South Africa,Pakistan,lost,won,2nd,Centurion,2019-02-06,SA,T20s
India,New Zealand,won,lost,2nd,Auckland,2019-02-08,INDIA,T20s
New Zealand,India,lost,won,1st,Auckland,2019-02-08,NZ,T20s
New Zealand,India,won,lost,1st,Hamilton,2019-02-10,NZ,T20s
India,New Zealand,lost,won,2nd,Hamilton,2019-02-10,INDIA,T20s
Netherlands,Scotland,won,won,2nd,Al Amerat,2019-02-13,NL,T20s
Scotland,Netherlands,lost,lost,1st,Al Amerat,2019-02-13,SCOT,T20s
Ireland,Oman,won,lost,1st,Al Amerat,2019-02-13,IRE,T20s
Oman,Ireland,lost,won,2nd,Al Amerat,2019-02-13,OMAN,T20s
Netherlands,Oman,won,won,2nd,Al Amerat,2019-02-15,NL,T20s
Oman,Netherlands,lost,lost,1st,Al Amerat,2019-02-15,OMAN,T20s
Scotland,Ireland,won,won,2nd,Al Amerat,2019-02-15,SCOT,T20s
Ireland,Scotland,lost,lost,1st,Al Amerat,2019-02-15,IRE,T20s
Ireland,Netherlands,won,won,2nd,Al Amerat,2019-02-17,IRE,T20s
Netherlands,Ireland,lost,lost,1st,Al Amerat,2019-02-17,NL,T20s
Scotland,Oman,won,won,2nd,Al Amerat,2019-02-17,SCOT,T20s
Oman,Scotland,lost,lost,1st,Al Amerat,2019-02-17,OMAN,T20s
Afghanistan,Ireland,won,lost,2nd,Dehradun,2019-02-21,AFG,T20s
Ireland,Afghanistan,lost,won,1st,Dehradun,2019-02-21,IRE,T20s
Afghanistan,Ireland,won,won,1st,Dehradun,2019-02-23,AFG,T20s
Ireland,Afghanistan,lost,lost,2nd,Dehradun,2019-02-23,IRE,T20s
Afghanistan,Ireland,won,lost,1st,Dehradun,2019-02-24,AFG,T20s
Ireland,Afghanistan,lost,won,2nd,Dehradun,2019-02-24,IRE,T20s
Australia,India,won,won,2nd,Visakhapatnam,2019-02-24,AUS,T20s
India,Australia,lost,lost,1st,Visakhapatnam,2019-02-24,INDIA,T20s
Australia,India,won,won,2nd,Bengaluru,2019-02-27,AUS,T20s
India,Australia,lost,lost,1st,Bengaluru,2019-02-27,INDIA,T20s
England,West Indies,won,won,2nd,Gros Islet,2019-03-05,ENG,T20s
West Indies,England,lost,lost,1st,Gros Islet,2019-03-05,WI,T20s
England,West Indies,won,lost,1st,Basseterre,2019-03-08,ENG,T20s
West Indies,England,lost,won,2nd,Basseterre,2019-03-08,WI,T20s
England,West Indies,won,lost,2nd,Basseterre,2019-03-10,ENG,T20s
West Indies,England,lost,won,1st,Basseterre,2019-03-10,WI,T20s
South Africa,Sri Lanka,tied,won,2nd,Cape Town,2019-03-19,SA,T20s
Sri Lanka,South Africa,tied,lost,1st,Cape Town,2019-03-19,SL,T20s
South Africa,Sri Lanka,won,lost,1st,Centurion,2019-03-22,SA,T20s
Sri Lanka,South Africa,lost,won,2nd,Centurion,2019-03-22,SL,T20s
South Africa,Sri Lanka,won,lost,1st,Johannesburg,2019-03-24,SA,T20s
Sri Lanka,South Africa,lost,won,2nd,Johannesburg,2019-03-24,SL,T20s
England,Pakistan,won,lost,2nd,Cardiff,2019-05-05,ENG,T20s
Pakistan,England,lost,won,1st,Cardiff,2019-05-05,PAK,T20s
Namibia,Ghana,won,won,2nd,Kampala,2019-05-20,NAM,T20s
Namibia,Uganda,won,won,1st,Kampala,2019-05-21,NAM,T20s
Namibia,Botswana,won,lost,2nd,Kampala,2019-05-22,NAM,T20s
Namibia,Nigeria,aban,-,DNB,Kampala,2019-05-23,NAM,T20s
Namibia,Kenya,aban,-,DNB,Kampala,2019-05-24,NAM,T20s
Netherlands,Zimbabwe,won,lost,1st,Rotterdam,2019-06-23,NL,T20s
Netherlands,Zimbabwe,tied,won,1st,Rotterdam,2019-06-25,NL,T20s
Ireland,Zimbabwe,aban,-,DNB,Belfast,2019-07-10,IRE,T20s
Ireland,Zimbabwe,won,won,2nd,Bready,2019-07-12,IRE,T20s
Ireland,Zimbabwe,lost,lost,1st,Bready,2019-07-14,IRE,T20s
Netherlands,U.A.E.,lost,won,2nd,Amstelveen,2019-08-03,NL,T20s
India,West Indies,won,won,2nd,Lauderhill,2019-08-03,INDIA,T20s
West Indies,India,lost,lost,1st,Lauderhill,2019-08-03,WI,T20s
India,West Indies,won,won,1st,Lauderhill,2019-08-04,INDIA,T20s
West Indies,India,lost,lost,2nd,Lauderhill,2019-08-04,WI,T20s
Netherlands,U.A.E.,lost,lost,1st,Amstelveen,2019-08-05,NL,T20s
Netherlands,U.A.E.,lost,won,2nd,The Hague,2019-08-06,NL,T20s
India,West Indies,won,won,2nd,Providence,2019-08-06,INDIA,T20s
West Indies,India,lost,lost,1st,Providence,2019-08-06,WI,T20s
Netherlands,U.A.E.,lost,won,1st,The Hague,2019-08-08,NL,T20s
Namibia,Botswana,won,lost,1st,Windhoek,2019-08-19,NAM,T20s
Namibia,Botswana,won,lost,1st,Windhoek,2019-08-20,NAM,T20s
Namibia,Botswana,won,won,1st,Windhoek,2019-08-22,NAM,T20s
Namibia,Botswana,won,lost,2nd,Windhoek,2019-08-23,NAM,T20s
New Zealand,Sri Lanka,won,lost,2nd,Pallekele,2019-09-01,NZ,T20s
Sri Lanka,New Zealand,lost,won,1st,Pallekele,2019-09-01,SL,T20s
New Zealand,Sri Lanka,won,lost,2nd,Pallekele,2019-09-03,NZ,T20s
Sri Lanka,New Zealand,lost,won,1st,Pallekele,2019-09-03,SL,T20s
Sri Lanka,New Zealand,won,won,1st,Pallekele,2019-09-06,SL,T20s
New Zealand,Sri Lanka,lost,lost,2nd,Pallekele,2019-09-06,NZ,T20s
Bangladesh,Zimbabwe,won,won,2nd,Dhaka,2019-09-13,BDESH,T20s
Afghanistan,Zimbabwe,won,lost,1st,Dhaka,2019-09-14,AFG,T20s
Afghanistan,Bangladesh,won,won,1st,Dhaka,2019-09-15,AFG,T20s
Bangladesh,Afghanistan,lost,lost,2nd,Dhaka,2019-09-15,BDESH,T20s
Ireland,Netherlands,aban,-,DNB,Dublin (Malahide),2019-09-15,IRE,T20s
Netherlands,Ireland,aban,-,DNB,Dublin (Malahide),2019-09-15,NL,T20s
India,South Africa,aban,-,DNB,Dharamsala,2019-09-15,INDIA,T20s
South Africa,India,aban,-,DNB,Dharamsala,2019-09-15,SA,T20s
Scotland,Netherlands,won,lost,1st,Dublin (Malahide),2019-09-16,SCOT,T20s
Netherlands,Scotland,lost,won,2nd,Dublin (Malahide),2019-09-16,NL,T20s
Ireland,Scotland,won,lost,2nd,Dublin (Malahide),2019-09-17,IRE,T20s
Scotland,Ireland,lost,won,1st,Dublin (Malahide),2019-09-17,SCOT,T20s
Bangladesh,Zimbabwe,won,lost,1st,Chattogram,2019-09-18,BDESH,T20s
Netherlands,Ireland,won,lost,2nd,Dublin (Malahide),2019-09-18,NL,T20s
Ireland,Netherlands,lost,won,1st,Dublin (Malahide),2019-09-18,IRE,T20s
India,South Africa,won,won,2nd,Mohali,2019-09-18,INDIA,T20s
South Africa,India,lost,lost,1st,Mohali,2019-09-18,SA,T20s
Scotland,Netherlands,won,lost,2nd,Dublin (Malahide),2019-09-19,SCOT,T20s
Netherlands,Scotland,lost,won,1st,Dublin (Malahide),2019-09-19,NL,T20s
Afghanistan,Zimbabwe,lost,won,1st,Chattogram,2019-09-20,AFG,T20s
Ireland,Scotland,won,lost,1st,Dublin (Malahide),2019-09-20,IRE,T20s
Scotland,Ireland,lost,won,2nd,Dublin (Malahide),2019-09-20,SCOT,T20s
Bangladesh,Afghanistan,won,won,2nd,Chattogram,2019-09-21,BDESH,T20s
Afghanistan,Bangladesh,lost,lost,1st,Chattogram,2019-09-21,AFG,T20s
South Africa,India,won,lost,2nd,Bengaluru,2019-09-22,SA,T20s
India,South Africa,lost,won,1st,Bengaluru,2019-09-22,INDIA,T20s
Afghanistan,Bangladesh,aban,-,DNB,Dhaka,2019-09-24,AFG,T20s
Bangladesh,Afghanistan,aban,-,DNB,Dhaka,2019-09-24,BDESH,T20s
Oman,Hong Kong,won,lost,2nd,Al Amerat,2019-10-05,OMAN,T20s
Ireland,Netherlands,won,won,2nd,Al Amerat,2019-10-05,IRE,T20s
Netherlands,Ireland,lost,lost,1st,Al Amerat,2019-10-05,NL,T20s
Sri Lanka,Pakistan,won,lost,1st,Lahore,2019-10-05,SL,T20s
Pakistan,Sri Lanka,lost,won,2nd,Lahore,2019-10-05,PAK,T20s
Oman,Ireland,won,lost,1st,Al Amerat,2019-10-06,OMAN,T20s
Ireland,Oman,lost,won,2nd,Al Amerat,2019-10-06,IRE,T20s
Netherlands,Nepal,lost,lost,1st,Al Amerat,2019-10-07,NL,T20s
Ireland,Hong Kong,won,won,1st,Al Amerat,2019-10-07,IRE,T20s
Sri Lanka,Pakistan,won,won,1st,Lahore,2019-10-07,SL,T20s
Pakistan,Sri Lanka,lost,lost,2nd,Lahore,2019-10-07,PAK,T20s
Ireland,Nepal,won,won,1st,Al Amerat,2019-10-09,IRE,T20s
Oman,Netherlands,won,lost,2nd,Al Amerat,2019-10-09,OMAN,T20s
Netherlands,Oman,lost,won,1st,Al Amerat,2019-10-09,NL,T20s
Sri Lanka,Pakistan,won,won,1st,Lahore,2019-10-09,SL,T20s
Pakistan,Sri Lanka,lost,lost,2nd,Lahore,2019-10-09,PAK,T20s
Netherlands,Hong Kong,won,lost,1st,Al Amerat,2019-10-10,NL,T20s
Oman,Nepal,won,won,2nd,Al Amerat,2019-10-10,OMAN,T20s
Scotland,Singapore,lost,won,2nd,ICCA Dubai,2019-10-18,SCOT,T20s
Ireland,Hong Kong,won,lost,2nd,Abu Dhabi,2019-10-18,IRE,T20s
Netherlands,Kenya,won,won,1st,ICCA Dubai,2019-10-18,NL,T20s
Oman,U.A.E.,won,won,2nd,Abu Dhabi,2019-10-18,OMAN,T20s
Netherlands,Namibia,won,won,1st,ICCA Dubai,2019-10-19,NL,T20s
Namibia,Netherlands,lost,lost,2nd,ICCA Dubai,2019-10-19,NAM,T20s
Scotland,Kenya,won,won,1st,ICCA 2 Dubai,2019-10-19,SCOT,T20s
Ireland,U.A.E.,lost,lost,1st,Abu Dhabi,2019-10-19,IRE,T20s
Namibia,P.N.G.,lost,lost,2nd,ICCA 2 Dubai,2019-10-20,NAM,T20s
Oman,Hong Kong,won,won,2nd,Abu Dhabi,2019-10-20,OMAN,T20s
Scotland,P.N.G.,won,won,1st,ICCA Dubai,2019-10-21,SCOT,T20s
Ireland,Oman,won,lost,1st,Tolerance Oval,2019-10-21,IRE,T20s
Oman,Ireland,lost,won,2nd,Tolerance Oval,2019-10-21,OMAN,T20s
Namibia,Scotland,won,won,1st,ICCA Dubai,2019-10-22,NAM,T20s
Scotland,Namibia,lost,lost,2nd,ICCA Dubai,2019-10-22,SCOT,T20s
Netherlands,Singapore,won,lost,2nd,ICCA Dubai,2019-10-22,NL,T20s
Namibia,Bermuda,won,won,2nd,ICCA 2 Dubai,2019-10-23,NAM,T20s
Oman,Nigeria,won,lost,2nd,Tolerance Oval,2019-10-23,OMAN,T20s
Ireland,Canada,lost,lost,2nd,Abu Dhabi,2019-10-23,IRE,T20s
Netherlands,P.N.G.,lost,won,1st,ICCA Dubai,2019-10-24,NL,T20s
Scotland,Bermuda,won,lost,1st,Dubai (DSC),2019-10-24,SCOT,T20s
Ireland,Jersey,won,won,2nd,Tolerance Oval,2019-10-25,IRE,T20s
Namibia,Kenya,won,won,1st,Dubai (DSC),2019-10-25,NAM,T20s
Oman,Canada,won,lost,2nd,Abu Dhabi,2019-10-25,OMAN,T20s
Ireland,Nigeria,won,lost,2nd,Abu Dhabi,2019-10-26,IRE,T20s
Netherlands,Bermuda,won,won,1st,Dubai (DSC),2019-10-26,NL,T20s
Namibia,Singapore,won,lost,1st,Dubai (DSC),2019-10-26,NAM,T20s
Australia,Sri Lanka,won,lost,1st,Adelaide,2019-10-27,AUS,T20s
Sri Lanka,Australia,lost,won,2nd,Adelaide,2019-10-27,SL,T20s
Oman,Jersey,lost,won,2nd,Abu Dhabi,2019-10-27,OMAN,T20s
Netherlands,Scotland,won,won,2nd,Dubai (DSC),2019-10-27,NL,T20s
Scotland,Netherlands,lost,lost,1st,Dubai (DSC),2019-10-27,SCOT,T20s
Netherlands,U.A.E.,won,lost,2nd,Dubai (DSC),2019-10-29,NL,T20s
Namibia,Oman,won,won,1st,Dubai (DSC),2019-10-29,NAM,T20s
Oman,Namibia,lost,lost,2nd,Dubai (DSC),2019-10-29,OMAN,T20s
Australia,Sri Lanka,won,lost,2nd,Brisbane,2019-10-30,AUS,T20s
Sri Lanka,Australia,lost,won,1st,Brisbane,2019-10-30,SL,T20s
Scotland,U.A.E.,won,won,1st,Dubai (DSC),2019-10-30,SCOT,T20s
Oman,Hong Kong,won,won,1st,Dubai (DSC),2019-10-30,OMAN,T20s
Scotland,Oman,won,lost,2nd,ICCA Dubai,2019-10-31,SCOT,T20s
Oman,Scotland,lost,won,1st,ICCA Dubai,2019-10-31,OMAN,T20s
England,New Zealand,won,won,2nd,Christchurch,2019-11-01,ENG,T20s
New Zealand,England,lost,lost,1st,Christchurch,2019-11-01,NZ,T20s
Australia,Sri Lanka,won,won,2nd,Melbourne,2019-11-01,AUS,T20s
Sri Lanka,Australia,lost,lost,1st,Melbourne,2019-11-01,SL,T20s
Netherlands,Ireland,won,lost,1st,Dubai (DSC),2019-11-01,NL,T20s
Ireland,Netherlands,lost,won,2nd,Dubai (DSC),2019-11-01,IRE,T20s
Namibia,P.N.G.,lost,lost,2nd,Dubai (DSC),2019-11-01,NAM,T20s
Ireland,Namibia,won,won,1st,Dubai (DSC),2019-11-02,IRE,T20s
Namibia,Ireland,lost,lost,2nd,Dubai (DSC),2019-11-02,NAM,T20s
Netherlands,P.N.G.,won,lost,2nd,Dubai (DSC),2019-11-02,NL,T20s
New Zealand,England,won,lost,1st,Wellington,2019-11-03,NZ,T20s
England,New Zealand,lost,won,2nd,Wellington,2019-11-03,ENG,T20s
Australia,Pakistan,n/r,won,2nd,Sydney,2019-11-03,AUS,T20s
Pakistan,Australia,n/r,lost,1st,Sydney,2019-11-03,PAK,T20s
Bangladesh,India,won,won,2nd,Delhi,2019-11-03,BDESH,T20s
India,Bangladesh,lost,lost,1st,Delhi,2019-11-03,INDIA,T20s
New Zealand,England,won,won,1st,Nelson,2019-11-05,NZ,T20s
England,New Zealand,lost,lost,2nd,Nelson,2019-11-05,ENG,T20s
Australia,Pakistan,won,lost,2nd,Canberra,2019-11-05,AUS,T20s
Pakistan,Australia,lost,won,1st,Canberra,2019-11-05,PAK,T20s
India,Bangladesh,won,won,2nd,Rajkot,2019-11-07,INDIA,T20s
Bangladesh,India,lost,lost,1st,Rajkot,2019-11-07,BDESH,T20s
England,New Zealand,won,lost,1st,Napier,2019-11-08,ENG,T20s
New Zealand,England,lost,won,2nd,Napier,2019-11-08,NZ,T20s
Australia,Pakistan,won,won,2nd,Perth,2019-11-08,AUS,T20s
Pakistan,Australia,lost,lost,1st,Perth,2019-11-08,PAK,T20s
England,New Zealand,tied,won,2nd,Auckland,2019-11-10,ENG,T20s
New Zealand,England,tied,lost,1st,Auckland,2019-11-10,NZ,T20s
India,Bangladesh,won,lost,1st,Nagpur,2019-11-10,INDIA,T20s
Bangladesh,India,lost,won,2nd,Nagpur,2019-11-10,BDESH,T20s
West Indies,Afghanistan,won,lost,1st,Lucknow,2019-11-14,WI,T20s
Afghanistan,West Indies,lost,won,2nd,Lucknow,2019-11-14,AFG,T20s
Afghanistan,West Indies,won,won,1st,Lucknow,2019-11-16,AFG,T20s
West Indies,Afghanistan,lost,lost,2nd,Lucknow,2019-11-16,WI,T20s
Afghanistan,West Indies,won,won,1st,Lucknow,2019-11-17,AFG,T20s
West Indies,Afghanistan,lost,lost,2nd,Lucknow,2019-11-17,WI,T20s
India,West Indies,won,won,2nd,Hyderabad (Deccan),2019-12-06,INDIA,T20s
West Indies,India,lost,lost,1st,Hyderabad (Deccan),2019-12-06,WI,T20s
West Indies,India,won,won,2nd,Thiruvananthapuram,2019-12-08,WI,T20s
India,West Indies,lost,lost,1st,Thiruvananthapuram,2019-12-08,INDIA,T20s
India,West Indies,won,lost,1st,Mumbai,2019-12-11,INDIA,T20s
West Indies,India,lost,won,2nd,Mumbai,2019-12-11,WI,T20s
India,Sri Lanka,n/r,won,DNB,Guwahati,2020-01-05,INDIA,T20s
Sri Lanka,India,n/r,lost,DNB,Guwahati,2020-01-05,SL,T20s
India,Sri Lanka,won,won,2nd,Indore,2020-01-07,INDIA,T20s
Sri Lanka,India,lost,lost,1st,Indore,2020-01-07,SL,T20s
India,Sri Lanka,won,lost,1st,Pune,2020-01-10,INDIA,T20s
Sri Lanka,India,lost,won,2nd,Pune,2020-01-10,SL,T20s
Ireland,West Indies,won,won,1st,St George's,2020-01-15,IRE,T20s
West Indies,Ireland,lost,lost,2nd,St George's,2020-01-15,WI,T20s
Ireland,West Indies,n/r,lost,1st,Basseterre,2020-01-18,IRE,T20s
West Indies,Ireland,n/r,won,2nd,Basseterre,2020-01-18,WI,T20s
West Indies,Ireland,won,won,2nd,Basseterre,2020-01-19,WI,T20s
Ireland,West Indies,lost,lost,1st,Basseterre,2020-01-19,IRE,T20s
India,New Zealand,won,won,2nd,Auckland,2020-01-24,INDIA,T20s
New Zealand,India,lost,lost,1st,Auckland,2020-01-24,NZ,T20s
Pakistan,Bangladesh,won,lost,2nd,Lahore,2020-01-24,PAK,T20s
Bangladesh,Pakistan,lost,won,1st,Lahore,2020-01-24,BDESH,T20s
Pakistan,Bangladesh,won,lost,2nd,Lahore,2020-01-25,PAK,T20s
Bangladesh,Pakistan,lost,won,1st,Lahore,2020-01-25,BDESH,T20s
India,New Zealand,won,lost,2nd,Auckland,2020-01-26,INDIA,T20s
New Zealand,India,lost,won,1st,Auckland,2020-01-26,NZ,T20s
Bangladesh,Pakistan,aban,-,DNB,Lahore,2020-01-27,BDESH,T20s
Pakistan,Bangladesh,aban,-,DNB,Lahore,2020-01-27,PAK,T20s
India,New Zealand,tied,lost,1st,Hamilton,2020-01-29,INDIA,T20s
New Zealand,India,tied,won,2nd,Hamilton,2020-01-29,NZ,T20s
India,New Zealand,tied,lost,1st,Wellington,2020-01-31,INDIA,T20s
New Zealand,India,tied,won,2nd,Wellington,2020-01-31,NZ,T20s
India,New Zealand,won,won,1st,Mount Maunganui,2020-02-02,INDIA,T20s
New Zealand,India,lost,lost,2nd,Mount Maunganui,2020-02-02,NZ,T20s
South Africa,England,won,lost,1st,East London,2020-02-12,SA,T20s
England,South Africa,lost,won,2nd,East London,2020-02-12,ENG,T20s
England,South Africa,won,lost,1st,Durban,2020-02-14,ENG,T20s
South Africa,England,lost,won,2nd,Durban,2020-02-14,SA,T20s
England,South Africa,won,lost,2nd,Centurion,2020-02-16,ENG,T20s
South Africa,England,lost,won,1st,Centurion,2020-02-16,SA,T20s
Australia,South Africa,won,lost,1st,Johannesburg,2020-02-21,AUS,T20s
South Africa,Australia,lost,won,2nd,Johannesburg,2020-02-21,SA,T20s
Oman,Bahrain,won,lost,2nd,Al Amerat,2020-02-23,OMAN,T20s
South Africa,Australia,won,won,1st,Port Elizabeth,2020-02-23,SA,T20s
Australia,South Africa,lost,lost,2nd,Port Elizabeth,2020-02-23,AUS,T20s
Oman,Qatar,lost,lost,2nd,Al Amerat,2020-02-24,OMAN,T20s
Oman,Maldives,won,won,2nd,Al Amerat,2020-02-25,OMAN,T20s
Australia,South Africa,won,lost,1st,Cape Town,2020-02-26,AUS,T20s
South Africa,Australia,lost,won,2nd,Cape Town,2020-02-26,SA,T20s
West Indies,Sri Lanka,won,won,1st,Pallekele,2020-03-04,WI,T20s
Sri Lanka,West Indies,lost,lost,2nd,Pallekele,2020-03-04,SL,T20s
Afghanistan,Ireland,won,lost,2nd,Greater Noida,2020-03-06,AFG,T20s
Ireland,Afghanistan,lost,won,1st,Greater Noida,2020-03-06,IRE,T20s
West Indies,Sri Lanka,won,won,2nd,Pallekele,2020-03-06,WI,T20s
Sri Lanka,West Indies,lost,lost,1st,Pallekele,2020-03-06,SL,T20s
Afghanistan,Ireland,won,won,1st,Greater Noida,2020-03-08,AFG,T20s
Ireland,Afghanistan,lost,lost,2nd,Greater Noida,2020-03-08,IRE,T20s
Bangladesh,Zimbabwe,won,lost,1st,Dhaka,2020-03-09,BDESH,T20s
Afghanistan,Ireland,tied,lost,2nd,Greater Noida,2020-03-10,AFG,T20s
Ireland,Afghanistan,tied,won,1st,Greater Noida,2020-03-10,IRE,T20s
Bangladesh,Zimbabwe,won,won,2nd,Dhaka,2020-03-11,BDESH,T20s
Australia,New Zealand,canc,-,DNB,Dunedin,2020-03-24,AUS,T20s
New Zealand,Australia,canc,-,DNB,Dunedin,2020-03-24,NZ,T20s
Namibia,Netherlands,canc,-,DNB,Windhoek,2020-03-25,NAM,T20s
Netherlands,Namibia,canc,-,DNB,Windhoek,2020-03-25,NL,T20s
Namibia,Netherlands,canc,-,DNB,Windhoek,2020-03-26,NAM,T20s
Netherlands,Namibia,canc,-,DNB,Windhoek,2020-03-26,NL,T20s
Australia,New Zealand,canc,-,DNB,Auckland,2020-03-27,AUS,T20s
New Zealand,Australia,canc,-,DNB,Auckland,2020-03-27,NZ,T20s
Namibia,Netherlands,canc,-,DNB,Windhoek,2020-03-28,NAM,T20s
Netherlands,Namibia,canc,-,DNB,Windhoek,2020-03-28,NL,T20s
Australia,New Zealand,canc,-,DNB,Christchurch,2020-03-29,AUS,T20s
New Zealand,Australia,canc,-,DNB,Christchurch,2020-03-29,NZ,T20s
Ireland,Zimbabwe,canc,-,DNB,Bulawayo,2020-04-02,IRE,T20s
Ireland,Zimbabwe,canc,-,DNB,Bulawayo,2020-04-04,IRE,T20s
Ireland,Zimbabwe,canc,-,DNB,Bulawayo,2020-04-05,IRE,T20s
Bangladesh,Ireland,canc,-,DNB,The Oval,2020-05-22,BDESH,T20s
Ireland,Bangladesh,canc,-,DNB,The Oval,2020-05-22,IRE,T20s
Bangladesh,Ireland,canc,-,DNB,Chelmsford,2020-05-24,BDESH,T20s
Ireland,Bangladesh,canc,-,DNB,Chelmsford,2020-05-24,IRE,T20s
Bangladesh,Ireland,canc,-,DNB,Bristol,2020-05-27,BDESH,T20s
Ireland,Bangladesh,canc,-,DNB,Bristol,2020-05-27,IRE,T20s
Bangladesh,Ireland,canc,-,DNB,Birmingham,2020-05-29,BDESH,T20s
Ireland,Bangladesh,canc,-,DNB,Birmingham,2020-05-29,IRE,T20s
New Zealand,Scotland,canc,-,DNB,Edinburgh,2020-06-10,NZ,T20s
Scotland,New Zealand,canc,-,DNB,Edinburgh,2020-06-10,SCOT,T20s
Netherlands,New Zealand,canc,-,DNB,Rotterdam,2020-06-15,NL,T20s
New Zealand,Netherlands,canc,-,DNB,Rotterdam,2020-06-15,NZ,T20s
Ireland,New Zealand,canc,-,DNB,Bready,2020-06-19,IRE,T20s
New Zealand,Ireland,canc,-,DNB,Bready,2020-06-19,NZ,T20s
Ireland,New Zealand,canc,-,DNB,Bready,2020-06-21,IRE,T20s
New Zealand,Ireland,canc,-,DNB,Bready,2020-06-21,NZ,T20s
Ireland,New Zealand,canc,-,DNB,Bready,2020-06-23,IRE,T20s
New Zealand,Ireland,canc,-,DNB,Bready,2020-06-23,NZ,T20s
Australia,Scotland,canc,-,DNB,Edinburgh,2020-06-29,AUS,T20s
Scotland,Australia,canc,-,DNB,Edinburgh,2020-06-29,SCOT,T20s
Ireland,Pakistan,canc,-,DNB,Dublin (Malahide),2020-07-12,IRE,T20s
Pakistan,Ireland,canc,-,DNB,Dublin (Malahide),2020-07-12,PAK,T20s
Ireland,Pakistan,canc,-,DNB,Dublin (Malahide),2020-07-14,IRE,T20s
Pakistan,Ireland,canc,-,DNB,Dublin (Malahide),2020-07-14,PAK,T20s
England,Pakistan,n/r,lost,1st,Manchester,2020-08-28,ENG,T20s
Pakistan,England,n/r,won,2nd,Manchester,2020-08-28,PAK,T20s
England,Pakistan,won,won,2nd,Manchester,2020-08-30,ENG,T20s
Pakistan,England,lost,lost,1st,Manchester,2020-08-30,PAK,T20s
Pakistan,England,won,lost,1st,Manchester,2020-09-01,PAK,T20s
England,Pakistan,lost,won,2nd,Manchester,2020-09-01,ENG,T20s
England,Australia,won,lost,1st,Southampton,2020-09-04,ENG,T20s
Australia,England,lost,won,2nd,Southampton,2020-09-04,AUS,T20s
England,Australia,won,lost,2nd,Southampton,2020-09-06,ENG,T20s
Australia,England,lost,won,1st,Southampton,2020-09-06,AUS,T20s
Australia,England,won,won,2nd,Southampton,2020-09-08,AUS,T20s
England,Australia,lost,lost,1st,Southampton,2020-09-08,ENG,T20s
Pakistan,Zimbabwe,won,lost,2nd,Rawalpindi,2020-11-07,PAK,T20s
Pakistan,Zimbabwe,won,won,2nd,Rawalpindi,2020-11-08,PAK,T20s
Pakistan,Zimbabwe,won,lost,2nd,Rawalpindi,2020-11-10,PAK,T20s
New Zealand,West Indies,won,won,2nd,Auckland,2020-11-27,NZ,T20s
West Indies,New Zealand,lost,lost,1st,Auckland,2020-11-27,WI,T20s
England,South Africa,won,won,2nd,Cape Town,2020-11-27,ENG,T20s
South Africa,England,lost,lost,1st,Cape Town,2020-11-27,SA,T20s
New Zealand,West Indies,won,lost,1st,Mount Maunganui,2020-11-29,NZ,T20s
West Indies,New Zealand,lost,won,2nd,Mount Maunganui,2020-11-29,WI,T20s
England,South Africa,won,won,2nd,Paarl,2020-11-29,ENG,T20s
South Africa,England,lost,lost,1st,Paarl,2020-11-29,SA,T20s
New Zealand,West Indies,n/r,won,2nd,Mount Maunganui,2020-11-30,NZ,T20s
West Indies,New Zealand,n/r,lost,1st,Mount Maunganui,2020-11-30,WI,T20s
England,South Africa,won,lost,2nd,Cape Town,2020-12-01,ENG,T20s
South Africa,England,lost,won,1st,Cape Town,2020-12-01,SA,T20s
India,Australia,won,lost,1st,Canberra,2020-12-04,INDIA,T20s
Australia,India,lost,won,2nd,Canberra,2020-12-04,AUS,T20s
India,Australia,won,won,2nd,Sydney,2020-12-06,INDIA,T20s
Australia,India,lost,lost,1st,Sydney,2020-12-06,AUS,T20s
Australia,India,won,lost,1st,Sydney,2020-12-08,AUS,T20s
India,Australia,lost,won,2nd,Sydney,2020-12-08,INDIA,T20s
New Zealand,Pakistan,won,lost,2nd,Auckland,2020-12-18,NZ,T20s
Pakistan,New Zealand,lost,won,1st,Auckland,2020-12-18,PAK,T20s
New Zealand,Pakistan,won,lost,2nd,Hamilton,2020-12-20,NZ,T20s
Pakistan,New Zealand,lost,won,1st,Hamilton,2020-12-20,PAK,T20s
Pakistan,New Zealand,won,won,2nd,Napier,2020-12-22,PAK,T20s
New Zealand,Pakistan,lost,lost,1st,Napier,2020-12-22,NZ,T20s
Pakistan,South Africa,won,lost,1st,Lahore,2021-02-11,PAK,T20s
South Africa,Pakistan,lost,won,2nd,Lahore,2021-02-11,SA,T20s
South Africa,Pakistan,won,won,2nd,Lahore,2021-02-13,SA,T20s
Pakistan,South Africa,lost,lost,1st,Lahore,2021-02-13,PAK,T20s
Pakistan,South Africa,won,won,2nd,Lahore,2021-02-14,PAK,T20s
South Africa,Pakistan,lost,lost,1st,Lahore,2021-02-14,SA,T20s
New Zealand,Australia,won,lost,1st,Christchurch,2021-02-22,NZ,T20s
Australia,New Zealand,lost,won,2nd,Christchurch,2021-02-22,AUS,T20s
New Zealand,Australia,won,lost,1st,Dunedin,2021-02-25,NZ,T20s
Australia,New Zealand,lost,won,2nd,Dunedin,2021-02-25,AUS,T20s
Australia,New Zealand,won,lost,1st,Wellington,2021-03-03,AUS,T20s
New Zealand,Australia,lost,won,2nd,Wellington,2021-03-03,NZ,T20s
West Indies,Sri Lanka,won,won,2nd,Coolidge,2021-03-03,WI,T20s
Sri Lanka,West Indies,lost,lost,1st,Coolidge,2021-03-03,SL,T20s
Australia,New Zealand,won,won,1st,Wellington,2021-03-05,AUS,T20s
New Zealand,Australia,lost,lost,2nd,Wellington,2021-03-05,NZ,T20s
Sri Lanka,West Indies,won,won,1st,Coolidge,2021-03-05,SL,T20s
West Indies,Sri Lanka,lost,lost,2nd,Coolidge,2021-03-05,WI,T20s
New Zealand,Australia,won,lost,2nd,Wellington,2021-03-07,NZ,T20s
Australia,New Zealand,lost,won,1st,Wellington,2021-03-07,AUS,T20s
West Indies,Sri Lanka,won,lost,2nd,Coolidge,2021-03-07,WI,T20s
Sri Lanka,West Indies,lost,won,1st,Coolidge,2021-03-07,SL,T20s
England,India,won,won,2nd,Ahmedabad,2021-03-12,ENG,T20s
India,England,lost,lost,1st,Ahmedabad,2021-03-12,INDIA,T20s
India,England,won,won,2nd,Ahmedabad,2021-03-14,INDIA,T20s
England,India,lost,lost,1st,Ahmedabad,2021-03-14,ENG,T20s
England,India,won,won,2nd,Ahmedabad,2021-03-16,ENG,T20s
India,England,lost,lost,1st,Ahmedabad,2021-03-16,INDIA,T20s
Afghanistan,Zimbabwe,won,lost,1st,Abu Dhabi,2021-03-17,AFG,T20s
India,England,won,lost,1st,Ahmedabad,2021-03-18,INDIA,T20s
England,India,lost,won,2nd,Ahmedabad,2021-03-18,ENG,T20s
Afghanistan,Zimbabwe,won,won,1st,Abu Dhabi,2021-03-19,AFG,T20s
Afghanistan,Zimbabwe,won,won,1st,Abu Dhabi,2021-03-20,AFG,T20s
India,England,won,lost,1st,Ahmedabad,2021-03-20,INDIA,T20s
England,India,lost,won,2nd,Ahmedabad,2021-03-20,ENG,T20s
New Zealand,Bangladesh,won,won,1st,Hamilton,2021-03-28,NZ,T20s
Bangladesh,New Zealand,lost,lost,2nd,Hamilton,2021-03-28,BDESH,T20s
New Zealand,Bangladesh,won,lost,1st,Napier,2021-03-30,NZ,T20s
Bangladesh,New Zealand,lost,won,2nd,Napier,2021-03-30,BDESH,T20s
New Zealand,Bangladesh,won,lost,1st,Auckland,2021-04-01,NZ,T20s
Bangladesh,New Zealand,lost,won,2nd,Auckland,2021-04-01,BDESH,T20s
Namibia,Uganda,won,lost,2nd,Windhoek,2021-04-03,NAM,T20s
Namibia,Uganda,won,won,1st,Windhoek,2021-04-05,NAM,T20s
Namibia,Uganda,won,won,1st,Windhoek,2021-04-05,NAM,T20s
Pakistan,South Africa,won,lost,2nd,Johannesburg,2021-04-10,PAK,T20s
South Africa,Pakistan,lost,won,1st,Johannesburg,2021-04-10,SA,T20s
South Africa,Pakistan,won,lost,2nd,Johannesburg,2021-04-12,SA,T20s
Pakistan,South Africa,lost,won,1st,Johannesburg,2021-04-12,PAK,T20s
Pakistan,South Africa,won,won,2nd,Centurion,2021-04-14,PAK,T20s
South Africa,Pakistan,lost,lost,1st,Centurion,2021-04-14,SA,T20s
Pakistan,South Africa,won,won,2nd,Centurion,2021-04-16,PAK,T20s
South Africa,Pakistan,lost,lost,1st,Centurion,2021-04-16,SA,T20s
Netherlands,Nepal,lost,lost,1st,Kirtipur,2021-04-17,NL,T20s
Netherlands,Malaysia,won,won,1st,Kirtipur,2021-04-18,NL,T20s
Netherlands,Nepal,won,lost,2nd,Kirtipur,2021-04-20,NL,T20s
Netherlands,Malaysia,tied,lost,1st,Kirtipur,2021-04-21,NL,T20s
Pakistan,Zimbabwe,won,lost,1st,Harare,2021-04-21,PAK,T20s
Pakistan,Zimbabwe,lost,won,2nd,Harare,2021-04-23,PAK,T20s
Netherlands,Nepal,lost,won,2nd,Kirtipur,2021-04-24,NL,T20s
Pakistan,Zimbabwe,won,won,1st,Harare,2021-04-25,PAK,T20s
England,Sri Lanka,won,lost,2nd,Cardiff,2021-06-23,ENG,T20s
Sri Lanka,England,lost,won,1st,Cardiff,2021-06-23,SL,T20s
England,Sri Lanka,won,lost,2nd,Cardiff,2021-06-24,ENG,T20s
Sri Lanka,England,lost,won,1st,Cardiff,2021-06-24,SL,T20s
England,Sri Lanka,won,lost,1st,Southampton,2021-06-26,ENG,T20s
Sri Lanka,England,lost,won,2nd,Southampton,2021-06-26,SL,T20s
West Indies,South Africa,won,won,2nd,St George's,2021-06-26,WI,T20s
South Africa,West Indies,lost,lost,1st,St George's,2021-06-26,SA,T20s
South Africa,West Indies,won,lost,1st,St George's,2021-06-27,SA,T20s
West Indies,South Africa,lost,won,2nd,St George's,2021-06-27,WI,T20s
South Africa,West Indies,won,lost,1st,St George's,2021-06-29,SA,T20s
West Indies,South Africa,lost,won,2nd,St George's,2021-06-29,WI,T20s
West Indies,South Africa,won,lost,1st,St George's,2021-07-01,WI,T20s
South Africa,West Indies,lost,won,2nd,St George's,2021-07-01,SA,T20s
South Africa,West Indies,won,won,1st,St George's,2021-07-03,SA,T20s
West Indies,South Africa,lost,lost,2nd,St George's,2021-07-03,WI,T20s
West Indies,Australia,won,lost,1st,Gros Islet,2021-07-09,WI,T20s
Australia,West Indies,lost,won,2nd,Gros Islet,2021-07-09,AUS,T20s
West Indies,Australia,won,lost,1st,Gros Islet,2021-07-10,WI,T20s
Australia,West Indies,lost,won,2nd,Gros Islet,2021-07-10,AUS,T20s
West Indies,Australia,won,lost,2nd,Gros Islet,2021-07-12,WI,T20s
Australia,West Indies,lost,won,1st,Gros Islet,2021-07-12,AUS,T20s
Australia,West Indies,won,won,1st,Gros Islet,2021-07-14,AUS,T20s
West Indies,Australia,lost,lost,2nd,Gros Islet,2021-07-14,WI,T20s
Pakistan,England,won,lost,1st,Nottingham,2021-07-16,PAK,T20s
England,Pakistan,lost,won,2nd,Nottingham,2021-07-16,ENG,T20s
West Indies,Australia,won,won,1st,Gros Islet,2021-07-16,WI,T20s
Australia,West Indies,lost,lost,2nd,Gros Islet,2021-07-16,AUS,T20s
England,Pakistan,won,lost,1st,Leeds,2021-07-18,ENG,T20s
Pakistan,England,lost,won,2nd,Leeds,2021-07-18,PAK,T20s
South Africa,Ireland,won,lost,1st,Dublin (Malahide),2021-07-19,SA,T20s
Ireland,South Africa,lost,won,2nd,Dublin (Malahide),2021-07-19,IRE,T20s
England,Pakistan,won,lost,2nd,Manchester,2021-07-20,ENG,T20s
Pakistan,England,lost,won,1st,Manchester,2021-07-20,PAK,T20s
Bangladesh,Zimbabwe,won,lost,2nd,Harare,2021-07-22,BDESH,T20s
South Africa,Ireland,won,won,1st,Belfast,2021-07-22,SA,T20s
Ireland,South Africa,lost,lost,2nd,Belfast,2021-07-22,IRE,T20s
Bangladesh,Zimbabwe,lost,lost,2nd,Harare,2021-07-23,BDESH,T20s
South Africa,Ireland,won,won,1st,Belfast,2021-07-24,SA,T20s
Ireland,South Africa,lost,lost,2nd,Belfast,2021-07-24,IRE,T20s
Bangladesh,Zimbabwe,won,lost,2nd,Harare,2021-07-25,BDESH,T20s
India,Sri Lanka,won,lost,1st,Colombo (RPS),2021-07-25,INDIA,T20s
Sri Lanka,India,lost,won,2nd,Colombo (RPS),2021-07-25,SL,T20s
Pakistan,West Indies,n/r,won,2nd,Bridgetown,2021-07-28,PAK,T20s
West Indies,Pakistan,n/r,lost,1st,Bridgetown,2021-07-28,WI,T20s
Sri Lanka,India,won,won,2nd,Colombo (RPS),2021-07-28,SL,T20s
India,Sri Lanka,lost,lost,1st,Colombo (RPS),2021-07-28,INDIA,T20s
Sri Lanka,India,won,lost,2nd,Colombo (RPS),2021-07-29,SL,T20s
India,Sri Lanka,lost,won,1st,Colombo (RPS),2021-07-29,INDIA,T20s
Pakistan,West Indies,won,lost,1st,Providence,2021-07-31,PAK,T20s
West Indies,Pakistan,lost,won,2nd,Providence,2021-07-31,WI,T20s
Pakistan,West Indies,n/r,lost,2nd,Providence,2021-08-01,PAK,T20s
West Indies,Pakistan,n/r,won,1st,Providence,2021-08-01,WI,T20s
Bangladesh,Australia,won,lost,1st,Dhaka,2021-08-03,BDESH,T20s
Australia,Bangladesh,lost,won,2nd,Dhaka,2021-08-03,AUS,T20s
Pakistan,West Indies,n/r,won,2nd,Providence,2021-08-03,PAK,T20s
West Indies,Pakistan,n/r,lost,1st,Providence,2021-08-03,WI,T20s
Bangladesh,Australia,won,lost,2nd,Dhaka,2021-08-04,BDESH,T20s
Australia,Bangladesh,lost,won,1st,Dhaka,2021-08-04,AUS,T20s
Bangladesh,Australia,won,won,1st,Dhaka,2021-08-06,BDESH,T20s
Australia,Bangladesh,lost,lost,2nd,Dhaka,2021-08-06,AUS,T20s
Australia,Bangladesh,won,lost,2nd,Dhaka,2021-08-07,AUS,T20s
Bangladesh,Australia,lost,won,1st,Dhaka,2021-08-07,BDESH,T20s
Bangladesh,Australia,won,won,1st,Dhaka,2021-08-09,BDESH,T20s
Australia,Bangladesh,lost,lost,2nd,Dhaka,2021-08-09,AUS,T20s
